MUNICIPIO,CULTIVO,PERIODO,Area Sembrada (ha),Area Cosechada (ha),Produccion (t)
almeida,papa,2015a,6.0,6.0,40.8
aquitania,papa,2015a,325.0,320.0,8000.0
arcabuco,papa,2015a,1200.0,700.0,14000.0
belen,papa,2015a,961.0,900.0,16200.0
beteitiva,papa,2015a,16.0,14.0,141.4
boyaca,papa,2015a,250.0,250.0,6250.0
buenavista,papa,2015a,26.0,10.0,130.0
busbanza,papa,2015a,4.2,1.8,18.54
caldas,papa,2015a,90.0,60.0,600.0
cerinza,papa,2015a,8.0,6.0,90.0
chinavita,papa,2015a,7.0,6.0,54.0
chiquinquira,papa,2015a,210.0,180.0,2160.0
chiquiza,papa,2015a,800.0,750.0,11250.0
chiscas,papa,2015a,60.0,60.0,1200.0
chita,papa,2015a,205.0,180.0,2160.0
chivata,papa,2015a,45.0,40.0,560.0
cienega,papa,2015a,200.0,200.0,2400.0
combita,papa,2015a,590.0,550.0,9900.0
corrales,papa,2015a,9.0,7.0,49.0
cucaita,papa,2015a,140.0,135.0,2700.0
cucaita,papa,2015a,100.0,90.0,1620.0
cucaita,papa,2015a,30.0,25.0,300.0
cuitiva,papa,2015a,45.0,43.0,430.0
duitama,papa,2015a,50.0,50.0,600.0
el-cocuy,papa,2015a,200.0,200.0,2400.0
el-cocuy,papa,2015a,100.0,100.0,1200.0
firavitoba,papa,2015a,170.0,170.0,2040.0
firavitoba,papa,2015a,15.0,15.0,225.0
floresta,papa,2015a,50.0,30.0,300.0
gachantiva,papa,2015a,12.0,10.0,80.0
gachantiva,papa,2015a,8.0,8.0,56.0
gameza,papa,2015a,430.0,430.0,6450.0
garagoa,papa,2015a,13.0,13.0,156.0
guacamayas,papa,2015a,5.0,4.0,27.2
guican,papa,2015a,120.0,12.0,144.0
iza,papa,2015a,9.0,8.0,120.0
jenesano,papa,2015a,210.0,200.0,3600.0
jerico,papa,2015a,250.0,230.0,2300.0
la-uvita,papa,2015a,90.0,85.0,893.0
mongua,papa,2015a,185.0,185.0,2220.0
mongui,papa,2015a,60.0,52.0,780.0
motavita,papa,2015a,420.0,420.0,10500.0
motavita,papa,2015a,5.0,3.0,54.0
nobsa,papa,2015a,5.0,5.0,50.0
nuevo-colon,papa,2015a,300.0,300.0,4200.0
oicata,papa,2015a,90.0,55.0,1375.0
pachavita,papa,2015a,4.0,4.0,60.0
paipa,papa,2015a,50.0,49.5,495.0
paipa,papa,2015a,5.0,4.5,67.5
pajarito,papa,2015a,1.0,1.0,12.0
panqueba,papa,2015a,30.0,25.0,225.0
paz-de-rio,papa,2015a,8.0,8.0,96.0
paz-de-rio,papa,2015a,10.0,9.0,108.0
pesca,papa,2015a,140.0,130.0,2106.0
ramiriqui,papa,2015a,200.0,200.0,3000.0
raquira,papa,2015a,229.3,229.0,3435.0
rondon,papa,2015a,15.0,15.0,270.0
saboya,papa,2015a,1500.0,1.5,30000.0
samaca,papa,2015a,620.0,610.0,17080.0
san-miguel-de-sema,papa,2015a,230.0,200.0,4000.0
santa-rosa-de-viterbo,papa,2015a,30.0,29.0,435.0
santa-sofia,papa,2015a,30.0,10.0,140.0
sativanorte,papa,2015a,80.0,78.0,1248.0
sativasur,papa,2015a,22.0,22.0,198.0
siachoque,papa,2015a,2400.0,1.9,22800.0
soata,papa,2015a,3.0,3.0,30.0
socha,papa,2015a,100.0,95.0,1140.0
socota,papa,2015a,210.0,210.0,3150.0
sogamoso,papa,2015a,550.0,500.0,6000.0
somondoco,papa,2015a,10.0,9.0,72.0
sora,papa,2015a,110.0,110.0,2750.0
sora,papa,2015a,10.0,10.0,120.0
soraca,papa,2015a,700.0,700.0,10500.0
sotaquira,papa,2015a,395.0,395.0,6320.0
susacon,papa,2015a,30.0,30.0,450.0
sutamarchan,papa,2015a,70.0,70.0,1050.0
tasco,papa,2015a,60.0,60.0,480.0
tibana,papa,2015a,98.0,97.0,1455.0
tibasosa,papa,2015a,80.0,80.0,2000.0
tinjaca,papa,2015a,18.0,16.0,192.0
tipacoque,papa,2015a,3.0,3.0,22.5
toca,papa,2015a,1225.0,1.0,8500.0
topaga,papa,2015a,15.0,13.0,130.0
tota,papa,2015a,400.0,380.0,4560.0
tunja,papa,2015a,900.0,900.0,18000.0
tunja,papa,2015a,2500.0,2.5,50000.0
turmeque,papa,2015a,100.0,90.0,1350.0
tuta,papa,2015a,120.0,120.0,1440.0
tutaza,papa,2015a,400.0,400.0,10000.0
tutaza,papa,2015a,8.0,8.0,240.0
tutaza,papa,2015a,350.0,350.0,10500.0
tutaza,papa,2015a,3.0,3.0,30.0
umbita,papa,2015a,596.69,596.69,10084.0
ventaquemada,papa,2015a,1600.0,1.4,42000.0
villa-de-leyva,papa,2015a,22.17,22.17,266.04
viracacha,papa,2015a,410.0,390.0,6240.0
almeida,papa-criolla,2015a,3.0,3.0,18.0
belen,papa-criolla,2015a,39.0,39.0,351.0
beteitiva,papa-criolla,2015a,5.0,5.0,30.0
buenavista,papa-criolla,2015a,24.0,24.0,312.0
caldas,papa-criolla,2015a,70.0,50.0,400.0
chiquinquira,papa-criolla,2015a,60.0,50.0,200.0
chiscas,papa-criolla,2015a,5.0,5.0,50.0
cuitiva,papa-criolla,2015a,1.0,1.0,10.0
duitama,papa-criolla,2015a,8.0,8.0,80.0
ramiriqui,papa-criolla,2015a,40.0,40.0,480.0
saboya,papa-criolla,2015a,590.0,590.0,11210.0
santa-rosa-de-viterbo,papa-criolla,2015a,30.0,30.0,540.0
tasco,papa-criolla,2015a,22.0,20.0,80.0
tinjaca,papa-criolla,2015a,8.0,7.0,70.0
ventaquemada,papa-criolla,2015a,150.0,140.0,2800.0
viracacha,papa-criolla,2015a,8.0,8.0,64.0
paipa,papa,2015b,50.0,50.0,500.0
aquitania,papa,2015b,160.0,150.0,3750.0
arcabuco,papa,2015b,1400.0,900.0,18000.0
belen,papa,2015b,900.0,900.0,13500.0
beteitiva,papa,2015b,10.0,10.0,100.0
boyaca,papa,2015b,200.0,200.0,5000.0
buenavista,papa,2015b,28.0,20.0,260.0
caldas,papa,2015b,40.0,15.0,90.0
cerinza,papa,2015b,12.0,10.0,150.0
chiquinquira,papa,2015b,210.0,180.0,2160.0
chiquiza,papa,2015b,750.0,750.0,15000.0
chiscas,papa,2015b,90.0,90.0,1800.0
chita,papa,2015b,100.0,98.0,1176.0
chivata,papa,2015b,50.0,48.0,432.0
chivor,papa,2015b,18.0,18.0,180.0
cienega,papa,2015b,200.0,200.0,2400.0
combita,papa,2015b,360.0,340.0,6120.0
corrales,papa,2015b,3.0,3.0,21.0
cucaita,papa,2015b,110.0,105.0,2100.0
cucaita,papa,2015b,60.0,60.0,900.0
cucaita,papa,2015b,30.0,30.0,300.0
cuitiva,papa,2015b,40.0,40.0,400.0
duitama,papa,2015b,15.0,15.0,180.0
el-cocuy,papa,2015b,150.0,150.0,1800.0
el-cocuy,papa,2015b,50.0,50.0,600.0
firavitoba,papa,2015b,150.0,150.0,1200.0
firavitoba,papa,2015b,10.0,10.0,100.0
gachantiva,papa,2015b,20.0,15.0,150.0
gameza,papa,2015b,80.0,80.0,1200.0
garagoa,papa,2015b,10.0,10.0,130.0
guacamayas,papa,2015b,10.0,9.0,54.0
guican,papa,2015b,50.0,50.0,600.0
iza,papa,2015b,9.0,8.0,120.0
jenesano,papa,2015b,200.0,200.0,3000.0
jerico,papa,2015b,150.0,130.0,2600.0
la-uvita,papa,2015b,90.0,85.0,892.5
labranzagrande,papa,2015b,50.0,40.0,480.0
miraflores,papa,2015b,2.5,2.5,36.25
mongua,papa,2015b,300.0,280.0,3360.0
mongui,papa,2015b,60.0,55.0,825.0
motavita,papa,2015b,250.0,120.0,1200.0
motavita,papa,2015b,100.0,80.0,480.0
nobsa,papa,2015b,5.0,5.0,50.0
nuevo-colon,papa,2015b,200.0,200.0,2800.0
oicata,papa,2015b,50.0,40.0,1000.0
pachavita,papa,2015b,10.0,10.0,100.0
paipa,papa,2015b,5.0,5.0,75.0
panqueba,papa,2015b,25.0,20.0,180.0
paz-de-rio,papa,2015b,10.0,10.0,120.0
paz-de-rio,papa,2015b,6.0,6.0,72.0
pesca,papa,2015b,140.0,135.0,1998.0
ramiriqui,papa,2015b,200.0,200.0,3000.0
raquira,papa,2015b,173.0,170.0,2550.0
rondon,papa,2015b,13.0,13.0,169.0
saboya,papa,2015b,1500.0,1.5,30000.0
samaca,papa,2015b,1045.0,996.2,16253.0
san-miguel-de-sema,papa,2015b,190.0,180.0,3600.0
santa-rosa-de-viterbo,papa,2015b,29.0,28.0,420.0
sativanorte,papa,2015b,65.0,50.0,850.0
sativasur,papa,2015b,15.0,15.0,135.0
siachoque,papa,2015b,2400.0,1.9,22800.0
soata,papa,2015b,4.0,3.5,28.0
socha,papa,2015b,70.0,70.0,840.0
socota,papa,2015b,90.0,90.0,1350.0
sogamoso,papa,2015b,420.0,410.0,4920.0
somondoco,papa,2015b,5.0,5.0,40.0
sora,papa,2015b,40.0,40.0,800.0
sora,papa,2015b,10.0,10.0,100.0
soraca,papa,2015b,500.0,480.0,7200.0
sotaquira,papa,2015b,300.0,300.0,4800.0
sutamarchan,papa,2015b,75.0,75.0,1125.0
tasco,papa,2015b,50.0,50.0,400.0
tibana,papa,2015b,98.0,97.0,1455.0
tibasosa,papa,2015b,80.0,80.0,2000.0
tinjaca,papa,2015b,14.0,12.0,144.0
tipacoque,papa,2015b,3.0,3.0,22.5
toca,papa,2015b,1500.0,1.4,14000.0
topaga,papa,2015b,15.0,13.0,130.0
tota,papa,2015b,50.0,40.0,480.0
tunja,papa,2015b,900.0,900.0,18000.0
turmeque,papa,2015b,60.0,45.0,675.0
tuta,papa,2015b,80.0,80.0,960.0
tutaza,papa,2015b,10.0,10.0,300.0
tutaza,papa,2015b,390.0,390.0,9750.0
tutaza,papa,2015b,300.0,300.0,9000.0
tutaza,papa,2015b,5.0,5.0,50.0
umbita,papa,2015b,928.61,928.61,15694.0
ventaquemada,papa,2015b,1400.0,1.35,40500.0
villa-de-leyva,papa,2015b,16.19,16.19,137.13
ventaquemada,papa-criolla,2015b,80.0,70.0,1400.0
tinjaca,papa-criolla,2015b,4.0,3.0,24.0
tasco,papa-criolla,2015b,20.0,18.0,72.0
santa-rosa-de-viterbo,papa-criolla,2015b,28.0,27.0,486.0
saboya,papa-criolla,2015b,590.0,590.0,11210.0
ramiriqui,papa-criolla,2015b,30.0,30.0,360.0
gachantiva,papa-criolla,2015b,10.0,7.0,56.0
duitama,papa-criolla,2015b,8.0,8.0,80.0
chiscas,papa-criolla,2015b,3.0,3.0,30.0
chiquinquira,papa-criolla,2015b,60.0,50.0,200.0
cuitiva,papa-criolla,2015b,1.0,1.0,10.0
caldas,papa-criolla,2015b,10.0,7.0,35.0
buenavista,papa-criolla,2015b,25.0,18.0,234.0
beteitiva,papa-criolla,2015b,3.0,3.0,15.0
belen,papa-criolla,2015b,45.0,45.0,540.0
almeida,papa,2018a,5.5,5.5,38.5
aquitania,papa,2018a,300.0,280.0,7140.0
arcabuco,papa,2018a,1300.0,1.25,25000.0
belen,papa,2018a,730.0,725.0,14500.0
beteitiva,papa,2018a,30.0,28.0,280.0
boyaca,papa,2018a,180.0,170.0,3400.0
buenavista,papa,2018a,5.0,5.0,100.0
busbanza,papa,2018a,6.0,5.5,13.75
caldas,papa,2018a,80.0,70.0,840.0
cerinza,papa,2018a,12.0,12.0,120.0
chinavita,papa,2018a,3.0,2.7,27.0
chiquinquira,papa,2018a,200.0,200.0,2400.0
chiquiza,papa,2018a,260.0,245.0,4900.0
chiquiza,papa,2018a,190.0,180.0,4500.0
chiquiza,papa,2018a,130.0,130.0,3250.0
chiscas,papa,2018a,115.0,70.0,2100.0
chita,papa,2018a,210.0,200.0,2400.0
chivata,papa,2018a,54.0,44.0,880.0
chivor,papa,2018a,5.0,5.0,60.0
cienega,papa,2018a,250.0,250.0,3000.0
combita,papa,2018a,600.0,560.0,7840.0
corrales,papa,2018a,7.0,6.0,30.0
cucaita,papa,2018a,200.0,198.0,1980.0
cuitiva,papa,2018a,15.0,15.0,300.0
duitama,papa,2018a,15.0,15.0,270.0
el-cocuy,papa,2018a,200.0,200.0,2400.0
el-cocuy,papa,2018a,100.0,100.0,1200.0
el-espino,papa,2018a,20.0,18.0,216.0
firavitoba,papa,2018a,120.0,120.0,1800.0
floresta,papa,2018a,40.0,30.0,300.0
gachantiva,papa,2018a,40.0,40.0,600.0
gameza,papa,2018a,405.0,405.0,6075.0
guacamayas,papa,2018a,6.0,5.0,50.0
guican,papa,2018a,30.0,30.0,600.0
iza,papa,2018a,15.7,15.7,235.5
jenesano,papa,2018a,300.0,300.0,5400.0
jerico,papa,2018a,300.0,300.0,2700.0
jerico,papa,2018a,30.0,30.0,360.0
la-uvita,papa,2018a,19.0,19.0,380.0
labranzagrande,papa,2018a,6.0,5.0,25.0
macanal,papa,2018a,15.0,15.0,120.0
mongua,papa,2018a,180.0,180.0,2160.0
mongui,papa,2018a,35.0,35.0,525.0
motavita,papa,2018a,655.0,655.0,9170.0
motavita,papa,2018a,255.0,255.0,5610.0
nobsa,papa,2018a,65.0,60.0,600.0
nuevo-colon,papa,2018a,100.0,100.0,1400.0
nuevo-colon,papa,2018a,50.0,50.0,700.0
oicata,papa,2018a,80.0,80.0,2000.0
pachavita,papa,2018a,12.0,11.0,66.0
paipa,papa,2018a,129.0,122.0,1512.8
panqueba,papa,2018a,20.0,19.0,171.0
pauna,papa,2018a,9.0,8.0,200.0
paz-de-rio,papa,2018a,22.0,20.0,600.0
pesca,papa,2018a,40.0,38.0,486.4
pesca,papa,2018a,16.0,15.0,97.5
pesca,papa,2018a,14.0,13.0,83.2
ramiriqui,papa,2018a,150.0,150.0,3000.0
raquira,papa,2018a,265.0,265.0,3312.5
rondon,papa,2018a,10.0,10.0,170.0
saboya,papa,2018a,2900.0,2.8,56000.0
samaca,papa,2018a,200.0,200.0,5000.0
samaca,papa,2018a,600.0,560.0,14000.0
san-jose-de-pare,papa,2018a,1.0,1.0,25.0
san-miguel-de-sema,papa,2018a,6.0,4.0,80.0
san-miguel-de-sema,papa,2018a,5.0,3.0,60.0
santa-rosa-de-viterbo,papa,2018a,27.0,26.0,390.0
santa-sofia,papa,2018a,40.0,40.0,480.0
sativanorte,papa,2018a,80.0,78.0,1404.0
sativasur,papa,2018a,10.0,7.0,84.0
siachoque,papa,2018a,400.0,400.0,10000.0
siachoque,papa,2018a,600.0,600.0,18000.0
siachoque,papa,2018a,250.0,250.0,7500.0
siachoque,papa,2018a,400.0,400.0,14000.0
soata,papa,2018a,8.0,6.0,36.0
socha,papa,2018a,32.0,32.0,364.8
socota,papa,2018a,260.0,260.0,6500.0
sogamoso,papa,2018a,240.0,230.0,6900.0
somondoco,papa,2018a,10.0,8.0,96.0
sora,papa,2018a,120.0,120.0,2400.0
soraca,papa,2018a,800.0,800.0,16000.0
sotaquira,papa,2018a,250.0,250.0,4750.0
sotaquira,papa,2018a,175.0,175.0,5250.0
susacon,papa,2018a,60.0,60.0,1320.0
sutamarchan,papa,2018a,20.0,18.0,252.0
tasco,papa,2018a,50.0,45.0,382.5
tibana,papa,2018a,100.0,100.0,3000.0
tibana,papa,2018a,50.0,50.0,1500.0
tibasosa,papa,2018a,72.89,54.89,1741.11
tinjaca,papa,2018a,17.0,15.0,165.0
tipacoque,papa,2018a,10.5,9.0,81.0
toca,papa,2018a,1250.0,1.185,17775.0
topaga,papa,2018a,79.0,79.0,790.0
tota,papa,2018a,280.0,250.0,5000.0
tunja,papa,2018a,2220.0,2.22,44400.0
turmeque,papa,2018a,240.0,230.0,5060.0
tuta,papa,2018a,100.0,100.0,1300.0
tutaza,papa,2018a,450.0,400.0,10000.0
umbita,papa,2018a,350.0,350.0,7700.0
ventaquemada,papa,2018a,1800.0,1.8,45000.0
villa-de-leyva,papa,2018a,35.0,35.0,840.0
viracacha,papa,2018a,417.24,292.1,4089.4
almeida,papa-criolla,2018a,2.0,2.0,7.0
aquitania,papa-criolla,2018a,30.0,30.0,240.0
belen,papa-criolla,2018a,50.0,48.0,624.0
beteitiva,papa-criolla,2018a,5.0,5.0,30.0
caldas,papa-criolla,2018a,130.0,120.0,1440.0
chiquinquira,papa-criolla,2018a,50.0,50.0,400.0
chiquiza,papa-criolla,2018a,50.0,40.0,200.0
cuitiva,papa-criolla,2018a,3.0,3.0,21.0
duitama,papa-criolla,2018a,3.0,3.0,45.0
guican,papa-criolla,2018a,3.0,3.0,45.0
la-uvita,papa-criolla,2018a,3.0,3.0,30.0
pauna,papa-criolla,2018a,50.0,40.0,480.0
ramiriqui,papa-criolla,2018a,10.0,10.0,150.0
saboya,papa-criolla,2018a,700.0,680.0,10880.0
san-miguel-de-sema,papa-criolla,2018a,2.0,1.0,10.0
santa-rosa-de-viterbo,papa-criolla,2018a,30.0,28.0,392.0
siachoque,papa-criolla,2018a,50.0,40.0,800.0
socota,papa-criolla,2018a,5.0,5.0,60.0
sogamoso,papa-criolla,2018a,10.0,10.0,140.0
soraca,papa-criolla,2018a,600.0,600.0,9000.0
tasco,papa-criolla,2018a,4.0,4.0,28.0
tinjaca,papa-criolla,2018a,3.0,2.0,16.0
tipacoque,papa-criolla,2018a,10.5,9.0,81.0
tunja,papa-criolla,2018a,37.0,37.0,370.0
tutaza,papa-criolla,2018a,20.0,15.0,150.0
ventaquemada,papa-criolla,2018a,150.0,150.0,2250.0
viracacha,papa-criolla,2018a,35.0,21.0,283.5
aquitania,papa,2018b,60.0,50.0,1275.0
arcabuco,papa,2018b,1400.0,1.3,26000.0
belen,papa,2018b,730.0,720.0,14400.0
beteitiva,papa,2018b,20.0,18.0,180.0
boyaca,papa,2018b,200.0,190.0,3800.0
buenavista,papa,2018b,10.0,10.0,200.0
caldas,papa,2018b,80.0,70.0,840.0
cerinza,papa,2018b,28.0,28.0,280.0
chinavita,papa,2018b,4.0,3.5,35.0
chiquinquira,papa,2018b,180.0,180.0,2160.0
chiquinquira,papa,2018b,135.0,135.0,2025.0
chiquiza,papa,2018b,250.0,240.0,4800.0
chiquiza,papa,2018b,280.0,260.0,6500.0
chiquiza,papa,2018b,270.0,260.0,5200.0
chiscas,papa,2018b,70.0,69.0,2070.0
chita,papa,2018b,215.0,205.0,2460.0
chivata,papa,2018b,32.0,28.0,560.0
chivor,papa,2018b,15.0,15.0,180.0
cienega,papa,2018b,236.0,236.0,2832.0
combita,papa,2018b,400.0,390.0,7410.0
corrales,papa,2018b,2.0,2.0,10.0
cucaita,papa,2018b,200.0,199.0,2189.0
cuitiva,papa,2018b,15.0,15.0,300.0
duitama,papa,2018b,6.0,6.0,108.0
el-cocuy,papa,2018b,150.0,150.0,1800.0
el-cocuy,papa,2018b,50.0,50.0,600.0
el-espino,papa,2018b,20.0,18.0,216.0
firavitoba,papa,2018b,150.0,150.0,2400.0
firavitoba,papa,2018b,10.0,10.0,120.0
gachantiva,papa,2018b,42.0,42.0,630.0
gameza,papa,2018b,135.0,135.0,1485.0
garagoa,papa,2018b,14.0,14.0,168.0
guacamayas,papa,2018b,30.0,26.0,234.0
guican,papa,2018b,40.0,32.0,640.0
jenesano,papa,2018b,250.0,250.0,4500.0
jerico,papa,2018b,200.0,180.0,1620.0
jerico,papa,2018b,25.0,25.0,300.0
la-uvita,papa,2018b,10.0,10.0,200.0
mongua,papa,2018b,35.0,35.0,420.0
mongui,papa,2018b,30.0,30.0,450.0
motavita,papa,2018b,230.0,230.0,1610.0
motavita,papa,2018b,120.0,120.0,1560.0
nobsa,papa,2018b,62.0,60.0,600.0
nuevo-colon,papa,2018b,130.0,130.0,1820.0
nuevo-colon,papa,2018b,50.0,50.0,700.0
oicata,papa,2018b,80.0,80.0,2000.0
pachavita,papa,2018b,9.0,8.0,48.0
panqueba,papa,2018b,12.0,10.0,90.0
pauna,papa,2018b,15.0,6.0,60.0
paz-de-rio,papa,2018b,22.0,20.0,600.0
pesca,papa,2018b,160.0,152.0,1945.6
pesca,papa,2018b,64.0,60.0,390.0
pesca,papa,2018b,56.0,52.0,332.8
ramiriqui,papa,2018b,300.0,300.0,6000.0
raquira,papa,2018b,265.0,265.0,3312.5
rondon,papa,2018b,10.0,10.0,170.0
saboya,papa,2018b,2700.0,2.65,53000.0
samaca,papa,2018b,190.0,180.0,5130.0
samaca,papa,2018b,800.0,700.0,17500.0
san-miguel-de-sema,papa,2018b,8.0,8.0,160.0
santa-rosa-de-viterbo,papa,2018b,25.0,24.0,360.0
sativasur,papa,2018b,4.0,2.0,20.0
siachoque,papa,2018b,500.0,500.0,12500.0
siachoque,papa,2018b,400.0,300.0,9000.0
siachoque,papa,2018b,250.0,200.0,6000.0
siachoque,papa,2018b,300.0,300.0,10500.0
socha,papa,2018b,15.0,15.0,171.0
socota,papa,2018b,260.0,260.0,6500.0
sogamoso,papa,2018b,242.0,240.0,8400.0
somondoco,papa,2018b,4.0,3.5,42.0
sora,papa,2018b,50.0,50.0,1000.0
soraca,papa,2018b,600.0,600.0,18000.0
sotaquira,papa,2018b,160.0,160.0,2880.0
sotaquira,papa,2018b,135.0,135.0,3780.0
susacon,papa,2018b,65.0,65.0,1449.5
sutamarchan,papa,2018b,20.0,18.0,252.0
tasco,papa,2018b,50.0,45.0,382.5
tibana,papa,2018b,150.0,150.0,1350.0
tibasosa,papa,2018b,72.82,54.89,1741.11
tinjaca,papa,2018b,5.0,4.4,48.4
toca,papa,2018b,920.0,880.0,11440.0
tota,papa,2018b,280.0,250.0,5000.0
tunja,papa,2018b,1945.0,1.945,38900.0
turmeque,papa,2018b,180.0,170.0,3400.0
tuta,papa,2018b,70.0,70.0,910.0
tutaza,papa,2018b,350.0,320.0,8000.0
umbita,papa,2018b,550.0,550.0,11550.0
ventaquemada,papa,2018b,2200.0,2.2,55000.0
villa-de-leyva,papa,2018b,180.0,180.0,2700.0
viracacha,papa,2018b,525.3,367.5,5145.0
aquitania,papa-criolla,2018b,35.0,22.0,176.0
belen,papa-criolla,2018b,55.0,55.0,715.0
beteitiva,papa-criolla,2018b,4.0,4.0,24.0
caldas,papa-criolla,2018b,130.0,120.0,1440.0
chiquinquira,papa-criolla,2018b,55.0,55.0,495.0
chiquiza,papa-criolla,2018b,40.0,30.0,150.0
cuitiva,papa-criolla,2018b,3.0,3.0,21.0
duitama,papa-criolla,2018b,3.0,3.0,45.0
guican,papa-criolla,2018b,3.0,3.0,45.0
la-uvita,papa-criolla,2018b,2.0,2.0,20.0
motavita,papa-criolla,2018b,15.0,15.0,90.0
pauna,papa-criolla,2018b,10.0,9.0,99.0
ramiriqui,papa-criolla,2018b,30.0,30.0,450.0
saboya,papa-criolla,2018b,700.0,680.0,10880.0
santa-rosa-de-viterbo,papa-criolla,2018b,20.0,19.0,266.0
siachoque,papa-criolla,2018b,200.0,150.0,3000.0
socota,papa-criolla,2018b,5.0,5.0,60.0
sogamoso,papa-criolla,2018b,7.0,6.0,60.0
soraca,papa-criolla,2018b,700.0,600.0,9000.0
tasco,papa-criolla,2018b,4.0,4.0,28.0
tinjaca,papa-criolla,2018b,3.0,2.0,16.0
tunja,papa-criolla,2018b,60.0,60.0,600.0
ventaquemada,papa-criolla,2018b,100.0,100.0,1500.0
viracacha,papa-criolla,2018b,30.0,21.0,283.5
boyaca,papa,2017b,210.0,200.0,4000.0
chiquiza,papa-criolla,2017b,20.0,18.0,198.0
chivor,papa,2017b,5.0,5.0,60.0
el-cocuy,papa,2017b,50.0,50.0,600.0
tinjaca,papa-criolla,2017b,4.0,3.0,24.0
soraca,papa-criolla,2017b,800.0,800.0,12000.0
siachoque,papa,2017b,300.0,300.0,6000.0
jerico,papa,2017b,25.0,25.0,375.0
guican,papa,2017b,45.0,32.0,384.0
chiquinquira,papa-criolla,2017b,55.0,55.0,220.0
tutaza,papa,2017b,60.0,50.0,500.0
tunja,papa,2017b,1695.0,1.695,33900.0
pachavita,papa,2017b,8.0,7.0,42.0
pauna,papa-criolla,2017b,3.0,3.0,60.0
santa-rosa-de-viterbo,papa-criolla,2017b,35.0,35.0,490.0
guican,papa-criolla,2017b,3.0,3.0,21.0
chinavita,papa,2017b,3.5,3.0,48.0
chiquiza,papa,2017b,1000.0,800.0,14000.0
socota,papa,2017b,240.0,240.0,6000.0
duitama,papa-criolla,2017b,4.0,4.0,60.0
tibasosa,papa,2017b,72.9,54.9,1740.33
pesca,papa-criolla,2017b,30.0,29.0,290.0
pesca,papa,2017b,30.0,28.0,560.0
sogamoso,papa-criolla,2017b,7.0,6.0,84.0
tutaza,papa,2017b,150.0,130.0,3250.0
tunja,papa-criolla,2017b,70.0,70.0,700.0
cuitiva,papa,2017b,18.0,18.0,360.0
saboya,papa-criolla,2017b,520.0,520.0,7800.0
siachoque,papa,2017b,200.0,200.0,4000.0
siachoque,papa,2017b,200.0,200.0,4000.0
samaca,papa,2017b,1080.0,1.08,27000.0
jerico,papa,2017b,200.0,200.0,4000.0
firavitoba,papa,2017b,80.0,80.0,1200.0
cerinza,papa,2017b,4.0,4.0,64.0
combita,papa,2017b,300.0,290.0,5510.0
topaga,papa,2017b,5.0,5.0,50.0
el-espino,papa,2017b,25.0,25.0,200.0
chita,papa,2017b,60.0,55.0,1100.0
saboya,papa,2017b,2500.0,2.2,44000.0
gachantiva,papa,2017b,10.0,10.0,150.0
chiquinquira,papa,2017b,135.0,135.0,2025.0
siachoque,papa-criolla,2017b,20.0,20.0,300.0
ramiriqui,papa,2017b,400.0,400.0,8000.0
aquitania,papa-criolla,2017b,35.0,22.0,176.0
sora,papa,2017b,70.0,70.0,1400.0
soraca,papa,2017b,500.0,500.0,12500.0
motavita,papa,2017b,230.0,230.0,1610.0
viracacha,papa-criolla,2017b,8.0,8.0,64.0
sotaquira,papa,2017b,162.0,162.0,3564.0
arcabuco,papa,2017b,1450.0,1.2,24000.0
oicata,papa,2017b,50.0,30.0,540.0
tota,papa,2017b,300.0,290.0,4350.0
cienega,papa,2017b,250.0,250.0,3000.0
mongui,papa,2017b,32.0,32.0,480.0
garagoa,papa,2017b,14.0,14.0,168.0
tibana,papa,2017b,60.0,60.0,1800.0
tinjaca,papa,2017b,6.0,5.5,66.0
turmeque,papa,2017b,180.0,170.0,3400.0
sativanorte,papa,2017b,80.0,78.0,1014.0
san-miguel-de-sema,papa,2017b,8.0,8.0,160.0
nobsa,papa,2017b,62.0,59.0,590.0
sogamoso,papa,2017b,4.0,4.0,120.0
duitama,papa,2017b,15.0,15.0,225.0
sogamoso,papa,2017b,23.0,22.0,308.0
el-cocuy,papa,2017b,150.0,150.0,1800.0
jenesano,papa,2017b,200.0,200.0,3600.0
belen,papa-criolla,2017b,50.0,48.0,624.0
sativasur,papa,2017b,8.0,8.0,97.6
soata,papa,2017b,5.0,4.5,45.0
chiquinquira,papa,2017b,180.0,180.0,2160.0
somondoco,papa,2017b,5.0,4.7,37.6
santa-rosa-de-viterbo,papa,2017b,27.0,26.0,390.0
ventaquemada,papa,2017b,1480.0,1.42,42600.0
umbita,papa,2017b,563.0,563.0,11823.0
raquira,papa,2017b,270.0,270.0,3375.0
tasco,papa-criolla,2017b,15.0,10.0,40.0
gameza,papa,2017b,120.0,120.0,1560.0
motavita,papa,2017b,120.0,100.0,1300.0
pauna,papa,2017b,4.0,3.6,144.0
belen,papa,2017b,730.0,720.0,14400.0
chiscas,papa,2017b,70.0,70.0,2100.0
chivata,papa,2017b,20.0,15.0,270.0
tutaza,papa-criolla,2017b,12.0,10.0,80.0
la-uvita,papa,2017b,13.0,12.0,96.0
cuitiva,papa-criolla,2017b,2.0,2.0,14.0
tibana,papa,2017b,75.0,75.0,2250.0
motavita,papa-criolla,2017b,10.0,9.0,54.0
guacamayas,papa,2017b,30.0,27.0,162.0
beteitiva,papa-criolla,2017b,3.0,3.0,18.0
motavita,papa,2017b,180.0,160.0,2400.0
socota,papa-criolla,2017b,5.0,5.0,60.0
caldas,papa,2017b,100.0,80.0,960.0
ramiriqui,papa-criolla,2017b,30.0,30.0,450.0
villa-de-leyva,papa,2017b,35.0,35.0,840.0
cucaita,papa,2017b,200.0,199.0,2189.0
ventaquemada,papa-criolla,2017b,80.0,70.0,1400.0
sogamoso,papa,2017b,11.0,10.0,200.0
tutaza,papa,2017b,250.0,230.0,6900.0
tasco,papa,2017b,50.0,50.0,400.0
tuta,papa,2017b,60.0,60.0,780.0
nuevo-colon,papa,2017b,50.0,50.0,700.0
aquitania,papa,2017b,60.0,50.0,1275.0
corrales,papa,2017b,3.0,3.0,19.5
la-uvita,papa,2017b,2.0,2.0,12.0
sogamoso,papa,2017b,24.0,23.0,690.0
caldas,papa-criolla,2017b,40.0,35.0,420.0
rondon,papa,2017b,14.0,14.0,238.0
sotaquira,papa,2017b,175.0,175.0,2975.0
mongua,papa,2017b,195.0,195.0,2340.0
panqueba,papa,2017b,12.0,10.0,90.0
viracacha,papa,2017b,410.0,390.0,6240.0
sogamoso,papa,2017b,4.3,4.0,100.0
sogamoso,papa,2017b,12.0,11.0,330.0
siachoque,papa,2017b,50.0,50.0,1250.0
tutaza,papa,2017b,200.0,180.0,5400.0
sutamarchan,papa,2017b,40.0,40.0,600.0
nuevo-colon,papa,2017b,100.0,100.0,1400.0
beteitiva,papa,2017b,24.0,24.0,240.0
combita,papa,2017b,70.0,68.0,1020.0
toca,papa,2017b,700.0,630.0,10080.0
rondon,papa,2012a,18.0,11.0,484.0
beteitiva,papa,2011a,5.0,5.0,75.0
gachantiva,papa,2014b,15.0,12.0,96.0
socota,papa,2016b,240.0,240.0,6000.0
floresta,papa,2011a,65.33,65.33,653.26
socota,papa-criolla,2017a,5.0,5.0,60.0
caldas,papa,2013a,194.0,194.0,2328.0
cucaita,papa,2011a,300.0,250.0,3000.0
guican,papa,2014b,50.0,40.0,400.0
sora,papa,2014a,10.0,7.5,90.0
susacon,papa,2017a,80.0,80.0,960.0
pauna,papa,2011b,32.0,26.0,260.0
la-uvita,papa,2016b,6.0,5.5,33.0
combita,papa,2013a,650.0,650.0,11700.0
ramiriqui,papa,2013a,150.0,140.0,2800.0
cienega,papa,2012b,290.0,290.0,3625.0
pachavita,papa,2012a,8.0,8.0,96.0
belen,papa,2011a,895.0,854.5,16235.5
beteitiva,papa,2016a,37.0,35.0,350.0
santa-sofia,papa,2011b,28.41,23.15,196.79
sotaquira,papa,2017a,225.0,225.0,3825.0
sogamoso,papa,2017a,11.0,10.0,300.0
sutamarchan,papa,2017a,60.0,60.0,900.0
tutaza,papa,2016a,3.0,3.0,30.0
guican,papa-criolla,2017a,5.0,3.0,15.0
arcabuco,papa,2014a,950.0,650.0,13000.0
sogamoso,papa,2017a,16.0,15.0,375.0
tibasosa,papa,2013a,35.0,35.0,700.0
tutaza,papa-criolla,2011a,20.0,14.0,140.0
tunja,papa,2012a,2800.0,2.65,39750.0
ramiriqui,papa-criolla,2016b,30.0,30.0,450.0
belen,papa-criolla,2014b,45.0,45.0,540.0
el-cocuy,papa,2013a,300.0,300.0,3600.0
el-espino,papa,2014b,10.0,10.0,60.0
tinjaca,papa-criolla,2014a,9.0,8.0,80.0
chivata,papa,2012a,220.0,200.0,3600.0
caldas,papa-criolla,2013a,158.0,158.0,1580.0
tinjaca,papa,2013b,25.0,25.0,300.0
siachoque,papa,2011b,1986.0,1.706,25252.0
guacamayas,papa,2013b,30.0,27.0,270.0
samaca,papa,2012a,800.6,789.5,23685.0
cuitiva,papa,2016a,15.0,15.0,180.0
sotaquira,papa,2013b,360.0,360.0,5760.0
chiscas,papa,2011b,25.0,19.0,258.0
cienega,papa,2017a,264.0,264.0,3960.0
sutamarchan,papa,2012a,80.0,80.0,1440.0
caldas,papa-criolla,2011b,63.0,63.0,1260.0
gachantiva,papa,2013a,20.0,18.0,180.0
raquira,papa,2014a,229.34,229.0,3435.0
guacamayas,papa,2016a,6.0,5.0,5.0
toca,papa,2016a,1150.0,1.05,15750.0
sora,papa,2012a,80.0,80.0,1280.0
siachoque,papa,2016b,100.0,100.0,1500.0
sogamoso,papa,2013b,500.0,500.0,6000.0
chivor,papa,2017a,5.0,5.0,60.0
tibana,papa,2013b,150.0,150.0,3750.0
tutaza,papa,2016a,8.0,8.0,240.0
chivata,papa,2012a,50.0,34.0,340.0
viracacha,papa-criolla,2016b,8.0,8.0,64.0
chiscas,papa,2014b,90.0,90.0,1800.0
tutaza,papa,2014a,350.0,350.0,10500.0
socha,papa,2012b,100.0,95.0,1140.0
cuitiva,papa,2013b,35.0,35.0,367.5
guacamayas,papa,2011a,20.0,19.0,95.0
mongua,papa,2013a,170.0,170.0,2040.0
nobsa,papa,2016b,63.0,56.0,560.0
gameza,papa,2012a,350.0,350.0,5250.0
tibasosa,papa,2011b,40.0,40.0,532.0
sutamarchan,papa,2012b,80.0,80.0,1440.0
duitama,papa,2012a,60.0,45.0,405.0
tuta,papa,2011a,30.0,20.0,240.0
nuevo-colon,papa,2011a,20.0,9.0,108.0
firavitoba,papa,2014b,100.0,95.0,1425.0
ramiriqui,papa-criolla,2014a,40.0,40.0,480.0
soraca,papa,2014b,1300.0,1.3,39000.0
sativasur,papa,2017a,8.0,4.0,40.0
tutaza,papa,2014a,3.0,3.0,30.0
ramiriqui,papa,2011b,53.0,53.0,954.0
tibasosa,papa,2014a,60.0,60.0,2400.0
sativasur,papa,2013a,22.0,22.0,176.0
siachoque,papa,2016b,100.0,100.0,2500.0
chiscas,papa,2012a,30.0,25.0,500.0
santa-rosa-de-viterbo,papa,2012a,39.0,38.5,539.0
mongui,papa,2011b,75.83,63.19,1251.2
siachoque,papa,2014a,2500.0,2.0,24000.0
cuitiva,papa,2012a,40.0,40.0,400.0
pesca,papa,2014b,150.0,150.0,2220.0
beteitiva,papa-criolla,2013b,2.0,2.0,12.0
tinjaca,papa,2016a,6.0,5.5,66.0
firavitoba,papa,2014a,70.0,70.0,1400.0
cuitiva,papa,2011b,52.66,52.66,947.9
umbita,papa,2012b,840.0,840.0,13440.0
duitama,papa-criolla,2013a,8.0,8.0,56.0
labranzagrande,papa,2012b,5.0,4.0,4.0
nuevo-colon,papa,2011b,25.0,25.0,300.0
soraca,papa,2014a,1600.0,1.6,48000.0
beteitiva,papa,2017a,37.0,37.0,370.0
guican,papa-criolla,2016a,5.0,3.0,15.0
chiquinquira,papa,2016b,210.0,180.0,2160.0
chiscas,papa,2017a,100.0,80.0,2800.0
el-cocuy,papa,2011b,250.0,250.0,3000.0
toca,papa,2013b,1000.0,900.0,10800.0
el-cocuy,papa,2014a,100.0,100.0,1200.0
gameza,papa,2016b,120.0,120.0,1800.0
boyaca,papa,2013b,200.0,200.0,4000.0
nuevo-colon,papa,2013b,200.0,200.0,2800.0
tutaza,papa,2016a,400.0,400.0,10000.0
buenavista,papa,2011a,92.0,92.0,1254.0
paipa,papa,2013b,90.0,90.0,1350.0
ventaquemada,papa-criolla,2014b,120.0,120.0,2400.0
toca,papa,2012b,1000.0,1.0,10000.0
ventaquemada,papa,2014a,1500.0,1.2,36000.0
floresta,papa,2012a,60.0,60.0,600.0
chivata,papa,2013a,399.0,348.2,8706.6
almeida,papa,2012a,12.0,12.0,90.0
busbanza,papa,2017a,4.2,1.8,18.54
cuitiva,papa-criolla,2014a,1.0,1.0,10.0
motavita,papa,2016a,200.0,190.0,4560.0
somondoco,papa,2011a,14.74,13.68,109.46
labranzagrande,papa,2016a,12.0,8.0,200.0
umbita,papa,2016a,575.0,525.0,9975.0
santa-rosa-de-viterbo,papa-criolla,2012b,38.0,37.0,666.0
paipa,papa,2014a,50.0,50.0,600.0
tutaza,papa,2016b,300.0,300.0,9000.0
nuevo-colon,papa,2014b,200.0,200.0,2800.0
paipa,papa,2014b,50.0,50.0,600.0
paipa,papa,2011a,95.0,80.0,960.0
beteitiva,papa,2012a,11.0,11.0,16.5
gachantiva,papa,2011b,26.35,26.35,395.25
chiquiza,papa,2014b,750.0,750.0,22500.0
turmeque,papa,2011b,30.0,30.0,1275.0
topaga,papa,2014b,15.0,13.0,130.0
tasco,papa,2012a,150.0,150.0,1950.0
tunja,papa,2012b,1300.0,1.3,26000.0
gachantiva,papa,2012a,10.0,10.0,70.0
pesca,papa,2014a,130.0,130.0,2106.0
chiscas,papa-criolla,2013b,3.0,3.0,30.0
tuta,papa,2016a,140.0,140.0,1820.0
siachoque,papa,2011a,2689.0,2.62,43470.0
soata,papa,2014a,3.0,3.0,24.0
boyaca,papa,2012a,16.0,16.0,240.0
sogamoso,papa,2014a,500.0,400.0,4800.0
villa-de-leyva,papa,2013a,80.0,80.0,960.0
iza,papa,2017a,14.8,14.8,236.8
tibana,papa,2017a,100.0,100.0,3000.0
tibana,papa,2016a,42.0,42.0,1344.0
beteitiva,papa-criolla,2013a,2.0,2.0,12.0
jerico,papa,2012a,215.0,210.0,6300.0
cerinza,papa,2011a,97.0,96.3,1243.05
jerico,papa,2014b,70.0,70.0,700.0
guacamayas,papa,2012a,20.0,18.0,108.0
chiscas,papa-criolla,2014b,3.0,3.0,30.0
tinjaca,papa-criolla,2011a,12.0,11.0,88.0
almeida,papa-criolla,2016a,3.0,3.0,12.0
combita,papa,2014b,350.0,350.0,6300.0
siachoque,papa,2016a,600.0,200.0,3000.0
chiquinquira,papa,2016a,210.0,180.0,2160.0
ventaquemada,papa,2011b,2300.0,2.3,25070.0
pachavita,papa,2017a,10.0,9.0,54.0
motavita,papa-criolla,2017a,20.0,16.0,160.0
ventaquemada,papa-criolla,2012b,30.0,30.0,300.0
gachantiva,papa-criolla,2011a,9.48,9.48,47.39
viracacha,papa,2011a,200.0,200.0,4095.0
boyaca,papa,2011a,200.0,150.0,5250.0
chivor,papa,2011a,2.11,1.9,18.97
tota,papa,2012b,200.0,200.0,2400.0
tinjaca,papa-criolla,2013a,6.0,4.0,32.0
tota,papa,2012a,400.0,400.0,6000.0
saboya,papa,2012a,80.0,60.0,1800.0
la-uvita,papa,2014b,65.0,43.0,227.9
chita,papa,2014b,100.0,98.0,1176.0
tunja,papa,2017a,2090.0,2.09,41800.0
el-cocuy,papa,2012b,200.0,200.0,2400.0
santa-rosa-de-viterbo,papa-criolla,2011a,53.0,51.0,918.0
tinjaca,papa-criolla,2013b,5.0,5.0,40.0
toca,papa,2016b,40.0,40.0,2000.0
beteitiva,papa-criolla,2017a,2.0,2.0,12.0
toca,papa,2017a,1300.0,1.1,19800.0
labranzagrande,papa,2013b,5.0,4.0,24.0
turmeque,papa,2016b,200.0,180.0,3420.0
mongui,papa,2011a,99.23,93.47,1848.29
duitama,papa-criolla,2012a,12.0,10.0,70.0
cerinza,papa,2017a,9.0,9.0,144.0
sotaquira,papa,2016b,160.0,160.0,3200.0
corrales,papa,2017a,10.0,9.0,58.5
motavita,papa,2016b,240.0,220.0,4400.0
duitama,papa-criolla,2017a,5.0,5.0,75.0
chiscas,papa-criolla,2012a,6.0,5.0,60.0
socha,papa,2012a,100.0,95.0,1140.0
tunja,papa,2013a,1729.0,1.69,21970.0
mongui,papa,2016b,30.0,30.0,450.0
san-miguel-de-sema,papa,2013a,220.0,180.0,3600.0
siachoque,papa,2017a,200.0,200.0,6000.0
socha,papa,2014a,100.0,95.0,1140.0
labranzagrande,papa,2013a,5.0,4.0,24.0
gachantiva,papa,2016a,25.0,15.0,225.0
firavitoba,papa,2011a,200.0,195.0,2983.5
mongua,papa,2012b,320.0,220.0,2640.0
chiquiza,papa,2016b,1000.0,920.0,16560.0
chiquinquira,papa,2013a,100.0,82.0,1315.0
ventaquemada,papa-criolla,2016a,150.0,140.0,2800.0
soata,papa,2012b,6.0,6.0,60.0
el-cocuy,papa,2012b,50.0,50.0,600.0
somondoco,papa,2013b,7.0,7.0,56.0
nuevo-colon,papa,2017a,50.0,50.0,700.0
pauna,papa,2016a,12.0,10.0,100.0
cienega,papa,2012a,290.0,290.0,3625.0
jerico,papa-criolla,2012a,2.0,2.0,40.0
viracacha,papa-criolla,2013a,8.0,8.0,68.0
belen,papa,2014a,950.0,850.0,15300.0
cucaita,papa,2014b,120.0,105.0,2100.0
topaga,papa,2016a,10.0,9.0,90.0
jerico,papa-criolla,2012b,2.0,2.0,40.0
buenavista,papa,2011b,63.0,15.0,225.0
tota,papa,2013a,500.0,500.0,10000.0
garagoa,papa,2012b,10.0,10.0,170.0
guican,papa,2012a,95.0,90.0,1080.0
chiquinquira,papa,2012a,90.0,80.0,640.0
jerico,papa,2014a,200.0,200.0,2000.0
firavitoba,papa,2012a,190.0,185.0,2830.5
viracacha,papa,2014b,410.0,410.0,6150.0
cucaita,papa,2012a,250.0,250.0,3750.0
siachoque,papa,2017a,300.0,300.0,7500.0
siachoque,papa,2017a,300.0,300.0,7500.0
ventaquemada,papa,2012b,2500.0,2.5,50000.0
tibana,papa,2016a,22.0,22.0,550.0
chivata,papa,2016a,24.0,20.0,300.0
la-uvita,papa,2011a,50.0,45.0,450.0
boyaca,papa,2016a,150.0,130.0,2600.0
corrales,papa,2013a,20.0,20.0,160.0
ventaquemada,papa,2016a,1600.0,1.4,42000.0
paipa,papa,2012b,90.0,90.0,1350.0
tunja,papa,2016a,2351.0,2.351,47020.0
buenavista,papa,2016a,20.0,20.0,180.0
cucaita,papa,2013a,230.0,230.0,3450.0
guican,papa,2017a,30.0,29.0,319.0
topaga,papa,2014a,15.0,13.0,130.0
corrales,papa,2012b,3.0,3.0,21.0
turmeque,papa,2014a,140.0,130.0,1950.0
panqueba,papa,2017a,20.0,19.0,171.0
chiscas,papa,2012b,30.0,30.0,600.0
turmeque,papa,2011a,43.0,42.0,1871.0
nuevo-colon,papa,2013a,300.0,280.0,280.0
umbita,papa,2017a,300.0,300.0,6600.0
mongua,papa,2011a,170.0,150.0,1200.0
aquitania,papa-criolla,2016b,35.0,22.0,176.0
gachantiva,papa,2016b,20.0,10.0,150.0
viracacha,papa,2013b,390.0,380.0,6460.0
motavita,papa,2017a,650.0,650.0,9100.0
el-espino,papa,2012a,20.0,20.0,240.0
cerinza,papa,2014a,8.0,6.0,90.0
saboya,papa-criolla,2017a,650.0,620.0,9300.0
motavita,papa-criolla,2016b,15.0,14.0,182.0
susacon,papa,2013a,65.0,65.0,2080.0
tutaza,papa,2011b,500.0,500.0,15000.0
sotaquira,papa,2012b,160.0,160.0,3040.0
santa-rosa-de-viterbo,papa,2016a,30.0,29.0,435.0
motavita,papa,2016b,250.0,140.0,2100.0
duitama,papa,2016b,20.0,20.0,280.0
umbita,papa,2013b,850.0,840.0,13440.0
tibana,papa,2014b,90.0,89.5,1342.5
motavita,papa,2011a,630.0,330.0,3000.0
ventaquemada,papa-criolla,2017a,170.0,170.0,3400.0
viracacha,papa-criolla,2014a,8.0,8.0,64.0
el-cocuy,papa,2014b,150.0,150.0,1800.0
ramiriqui,papa-criolla,2013b,35.0,35.0,420.0
jerico,papa,2017a,300.0,300.0,6000.0
sativanorte,papa,2011b,36.87,36.87,589.87
tota,papa,2016b,50.0,45.0,675.0
sora,papa,2017a,130.0,130.0,2600.0
el-cocuy,papa,2016b,50.0,50.0,600.0
garagoa,papa,2016b,13.0,13.0,156.0
viracacha,papa,2013a,320.0,290.0,4901.0
chiscas,papa,2013b,30.0,30.0,600.0
sutamarchan,papa,2016a,60.0,60.0,900.0
beteitiva,papa-criolla,2012b,2.0,2.0,2.4
el-cocuy,papa,2017a,100.0,100.0,1200.0
gachantiva,papa,2012a,15.0,15.0,90.0
chinavita,papa,2011a,17.92,16.86,134.91
belen,papa,2016a,45.0,45.0,675.0
gachantiva,papa,2017a,25.0,15.0,225.0
tipacoque,papa,2017a,10.5,9.0,81.0
tutaza,papa,2014b,390.0,390.0,9750.0
siachoque,papa,2017a,100.0,100.0,3000.0
chiquiza,papa,2016a,1000.0,920.0,16560.0
ventaquemada,papa,2011a,1900.0,1.8,22000.0
aquitania,papa,2011b,158.0,126.0,3780.0
belen,papa,2013a,900.0,900.0,13500.0
garagoa,papa,2014a,13.0,13.0,156.0
cuitiva,papa,2017a,18.0,18.0,360.0
busbanza,papa,2014a,4.0,1.7,17.0
socota,papa,2011a,89.48,87.37,436.87
iza,papa,2011b,39.0,39.0,697.5
socha,papa,2017a,80.0,80.0,960.0
ramiriqui,papa,2013b,100.0,90.0,1800.0
socota,papa,2014a,110.0,110.0,3190.0
somondoco,papa,2016b,5.0,4.7,37.6
somondoco,papa,2012b,8.0,8.0,64.0
ramiriqui,papa-criolla,2011a,11.0,11.0,165.0
belen,papa,2014b,900.0,900.0,13500.0
guican,papa,2016b,39.0,28.0,280.0
oicata,papa,2012b,450.0,430.0,15050.0
umbita,papa,2012a,360.0,360.0,5760.0
tunja,papa,2014a,700.0,700.0,14000.0
susacon,papa,2012a,70.0,58.0,1740.0
socha,papa,2013b,100.0,95.0,1140.0
pachavita,papa,2012b,12.0,12.0,228.0
la-uvita,papa,2013a,90.0,85.0,892.5
tibana,papa,2016b,50.0,50.0,1600.0
tinjaca,papa,2011a,26.0,25.0,400.0
cerinza,papa,2014b,12.0,10.0,150.0
sativanorte,papa,2017a,80.0,78.0,1248.0
toca,papa,2011a,1200.0,1.1,7700.0
el-cocuy,papa,2014a,200.0,200.0,2400.0
toca,papa,2013a,1300.0,1.2,14400.0
sativanorte,papa,2011a,36.84,36.84,607.91
ramiriqui,papa,2011a,105.0,105.0,1890.0
tutaza,papa,2014b,5.0,5.0,50.0
labranzagrande,papa-criolla,2014a,5.0,4.0,24.0
soraca,papa,2013b,1200.0,1.2,28800.0
combita,papa,2012b,600.0,600.0,10800.0
sora,papa,2011b,80.0,70.0,612.5
rondon,papa,2011b,10.54,10.54,39.51
sotaquira,papa,2016b,150.0,150.0,2400.0
garagoa,papa,2014b,10.0,10.0,130.0
santa-rosa-de-viterbo,papa-criolla,2017a,35.0,35.0,490.0
combita,papa,2011a,450.0,360.0,5400.0
socha,papa,2014b,70.0,70.0,840.0
saboya,papa,2013a,1030.0,670.0,13400.0
buenavista,papa-criolla,2012b,25.0,8.0,96.0
cucaita,papa,2016a,300.0,300.0,5250.0
motavita,papa,2012a,420.0,378.0,5670.0
oicata,papa,2014a,200.0,50.0,500.0
guican,papa,2012b,60.0,55.0,660.0
tuta,papa,2013b,160.0,160.0,2880.0
somondoco,papa,2014b,5.0,5.0,40.0
jenesano,papa,2016b,230.0,230.0,4140.0
santa-rosa-de-viterbo,papa,2017a,28.0,28.0,420.0
panqueba,papa,2013a,30.0,25.0,225.0
chiquinquira,papa-criolla,2017a,50.0,50.0,200.0
guacamayas,papa,2012b,30.0,30.0,180.0
jenesano,papa,2011b,157.99,157.99,1895.85
beteitiva,papa,2016b,39.0,38.0,380.0
arcabuco,papa,2017a,1250.0,1.05,21000.0
topaga,papa,2013a,15.0,13.0,130.0
sativasur,papa,2011b,12.0,12.0,60.0
chiquiza,papa,2013a,850.0,800.0,8000.0
ventaquemada,papa-criolla,2011b,18.0,18.0,216.0
panqueba,papa,2016a,20.0,19.0,171.0
tasco,papa,2011a,95.0,84.0,1008.0
oicata,papa,2011b,20.0,20.0,360.0
floresta,papa,2017a,50.0,45.0,450.0
san-miguel-de-sema,papa,2016a,80.0,3.0,60.0
tasco,papa,2014a,55.0,55.0,440.0
siachoque,papa,2016a,400.0,400.0,10000.0
chiquinquira,papa-criolla,2014a,100.0,80.0,640.0
chiquinquira,papa,2014a,90.0,80.0,640.0
panqueba,papa,2014b,30.0,25.0,225.0
saboya,papa,2016a,2100.0,2.0,40000.0
garagoa,papa,2013a,11.0,11.0,121.0
tutaza,papa,2016b,10.0,10.0,300.0
paipa,papa,2012a,105.0,95.0,1425.0
tinjaca,papa-criolla,2014b,5.0,5.0,40.0
corrales,papa,2011a,9.47,9.47,64.2
sativasur,papa,2014b,10.0,10.0,90.0
el-cocuy,papa,2016a,100.0,100.0,1200.0
tunja,papa,2013b,1700.0,1.6,20800.0
combita,papa,2011b,300.0,240.0,3600.0
jerico,papa,2011a,126.42,126.42,2317.78
aquitania,papa,2013b,158.0,150.0,3750.0
sativanorte,papa,2016a,100.0,98.0,1225.0
samaca,papa,2011b,1685.0,1.685,33700.0
beteitiva,papa-criolla,2016b,5.0,5.0,30.0
samaca,papa,2017a,800.0,800.0,20000.0
cuitiva,papa-criolla,2013a,1.0,1.0,10.0
nobsa,papa,2012a,11.0,9.0,171.0
nuevo-colon,papa,2012a,247.0,247.0,2082.21
umbita,papa,2014a,400.0,400.0,6400.0
gameza,papa,2014a,400.0,400.0,6000.0
guacamayas,papa,2014b,20.0,18.0,108.0
pauna,papa,2016b,35.0,33.0,330.0
tasco,papa,2014b,55.0,55.0,440.0
pesca,papa,2012b,124.0,120.0,1968.0
sogamoso,papa,2017a,66.0,35.0,1085.0
sotaquira,papa,2012b,98.0,98.0,1960.0
pachavita,papa,2016a,8.0,7.0,42.0
motavita,papa,2016a,400.0,380.0,8360.0
villa-de-leyva,papa,2011a,84.2,63.15,757.8
chinavita,papa,2012a,6.0,6.0,198.0
buenavista,papa-criolla,2014b,45.0,15.0,150.0
iza,papa,2014a,25.0,25.0,450.0
saboya,papa,2012b,190.0,170.0,3400.0
chita,papa,2011b,105.28,94.75,1705.5
nobsa,papa,2013a,10.0,8.0,136.8
nuevo-colon,papa,2016b,150.0,150.0,2100.0
saboya,papa,2012a,150.0,130.0,4420.0
tutaza,papa-criolla,2013a,20.0,20.0,300.0
iza,papa,2013b,17.0,17.0,289.0
paz-de-rio,papa,2014b,10.0,8.0,96.0
cienega,papa,2011a,290.0,280.0,3250.0
tota,papa,2013b,50.0,50.0,750.0
el-cocuy,papa,2012a,100.0,100.0,1200.0
duitama,papa,2012b,75.0,68.0,816.0
caldas,papa,2013b,120.0,120.0,1440.0
raquira,papa,2011b,50.0,50.0,500.0
el-espino,papa,2011a,10.0,10.0,60.0
saboya,papa-criolla,2011a,474.0,442.0,7072.0
firavitoba,papa,2013b,120.0,115.0,2875.0
tinjaca,papa,2014b,25.0,25.0,350.0
caldas,papa,2017a,100.0,85.0,1020.0
santa-rosa-de-viterbo,papa,2013b,35.0,34.0,510.0
siachoque,papa,2017a,400.0,400.0,8000.0
cucaita,papa,2011b,400.0,400.0,4800.0
cuitiva,papa-criolla,2017a,2.0,2.0,14.0
tinjaca,papa,2017a,18.0,16.0,192.0
viracacha,papa-criolla,2017a,15.0,8.0,64.0
ventaquemada,papa,2016b,1400.0,1.35,40500.0
sutamarchan,papa,2011b,70.0,70.0,1400.0
mongui,papa,2013a,94.17,94.17,1862.26
mongua,papa,2014b,290.0,280.0,3360.0
umbita,papa,2011b,350.0,250.0,3850.0
umbita,papa,2017a,63.0,63.0,1386.0
santa-sofia,papa,2017a,40.0,40.0,480.0
villa-de-leyva,papa,2011b,48.4,48.4,304.92
guacamayas,papa,2017a,6.0,5.0,50.0
gameza,papa,2014b,90.0,90.0,1800.0
soraca,papa,2012a,745.0,745.0,14900.0
motavita,papa,2014b,120.0,120.0,1440.0
arcabuco,papa,2016a,1250.0,1.05,21000.0
la-uvita,papa,2012b,30.0,30.0,450.0
socota,papa,2013a,120.0,120.0,1800.0
tibasosa,papa,2012a,40.0,40.0,480.0
corrales,papa,2016b,3.0,3.0,19.5
duitama,papa,2013a,60.0,60.0,720.0
viracacha,papa-criolla,2011b,70.0,70.0,1470.0
aquitania,papa,2016a,325.0,320.0,8000.0
tutaza,papa,2013a,1200.0,1.2,30000.0
tinjaca,papa-criolla,2017a,8.0,7.0,70.0
almeida,papa,2016a,5.0,5.0,34.5
samaca,papa,2013b,600.0,600.0,18000.0
labranzagrande,papa,2017a,6.0,5.0,25.0
belen,papa-criolla,2014a,40.0,40.0,360.0
chinavita,papa,2014a,8.0,7.0,203.0
motavita,papa,2012b,300.0,250.0,3000.0
chiquiza,papa,2014a,800.0,800.0,12000.0
motavita,papa,2013b,400.0,354.0,4878.0
jerico,papa,2013b,70.0,70.0,700.0
sativanorte,papa,2016b,100.0,98.0,1225.0
chita,papa,2017a,205.0,200.0,2400.0
toca,papa,2016b,900.0,790.0,12640.0
boyaca,papa,2017a,170.0,160.0,3200.0
turmeque,papa,2016a,250.0,220.0,4180.0
umbita,papa,2016b,750.0,650.0,13000.0
motavita,papa,2012b,200.0,170.0,1700.0
el-cocuy,papa,2016b,150.0,150.0,1800.0
iza,papa,2011a,37.0,37.0,667.5
sativasur,papa,2012a,12.0,10.0,5.0
viracacha,papa-criolla,2013b,6.0,6.0,54.0
chivata,papa,2011b,58.0,42.0,533.0
combita,papa,2017a,500.0,490.0,8820.0
sogamoso,papa,2013a,600.0,500.0,6000.0
mongui,papa,2017a,60.0,55.0,825.0
santa-rosa-de-viterbo,papa,2014b,30.0,28.0,420.0
gameza,papa,2016a,430.0,430.0,6450.0
paipa,papa,2014b,5.0,5.0,69.5
jenesano,papa,2016a,150.0,150.0,2700.0
viracacha,papa-criolla,2012a,7.34,7.34,55.05
siachoque,papa,2012a,3000.0,3.0,36000.0
beteitiva,papa,2012b,5.5,5.5,27.5
san-miguel-de-sema,papa,2016a,60.0,6.0,120.0
corrales,papa,2014b,3.0,3.0,21.0
el-espino,papa,2016b,20.0,15.0,75.0
pachavita,papa,2014a,4.0,4.0,32.0
mongui,papa,2013b,94.17,94.17,1862.3
motavita,papa,2011b,500.0,500.0,4600.0
villa-de-leyva,papa,2014b,16.19,16.19,137.13
tibana,papa,2011a,110.0,110.0,660.0
duitama,papa,2013b,20.0,20.0,300.0
cuitiva,papa,2014a,40.0,40.0,400.0
chivata,papa,2014a,40.0,38.0,342.0
toca,papa,2014a,1150.0,950.0,8550.0
mongua,papa,2016b,190.0,190.0,2280.0
sativasur,papa,2014a,20.0,20.0,180.0
caldas,papa-criolla,2016a,75.0,55.0,550.0
sora,papa,2013a,100.0,100.0,2500.0
belen,papa,2016b,850.0,850.0,15300.0
el-cocuy,papa,2011a,300.0,300.0,3600.0
chivata,papa,2014b,50.0,48.0,432.0
belen,papa,2016a,850.0,850.0,15300.0
gachantiva,papa,2014a,12.0,10.0,80.0
guateque,papa,2011b,2.0,2.0,14.0
tuta,papa,2017a,155.0,155.0,2015.0
chiquiza,papa,2017a,1100.0,850.0,14875.0
chita,papa,2016b,205.0,180.0,2160.0
tinjaca,papa-criolla,2012a,9.0,5.0,40.0
viracacha,papa-criolla,2011a,21.0,21.0,441.0
santa-sofia,papa,2013a,45.0,45.0,450.0
sotaquira,papa,2014b,365.0,365.0,5840.0
labranzagrande,papa,2011a,15.0,15.0,180.0
cienega,papa,2014b,200.0,200.0,2400.0
arcabuco,papa,2013a,1025.0,980.0,19600.0
belen,papa,2016b,45.0,45.0,675.0
guican,papa,2014a,95.0,55.0,660.0
jenesano,papa,2017a,250.0,240.0,3600.0
pauna,papa-criolla,2016a,10.0,9.0,36.0
siachoque,papa,2014b,2100.0,2.0,24000.0
la-uvita,papa,2016b,15.0,14.0,112.0
chiquiza,papa,2011a,1580.0,1.369,23742.0
sogamoso,papa,2014b,400.0,400.0,4800.0
chivor,papa,2014b,5.0,5.0,60.0
motavita,papa,2014a,400.0,400.0,6000.0
cuitiva,papa,2012b,40.0,40.0,480.0
sativanorte,papa,2013b,70.0,70.0,1190.0
motavita,papa,2014a,150.0,150.0,1875.0
arcabuco,papa,2016b,1450.0,1.2,24000.0
belen,papa-criolla,2013a,40.0,40.0,360.0
sotaquira,papa,2012b,115.0,115.0,2300.0
caldas,papa-criolla,2017a,40.0,35.0,420.0
villa-de-leyva,papa,2013b,80.0,80.0,960.0
sogamoso,papa,2017a,43.0,31.0,465.0
arcabuco,papa,2012a,1050.0,850.0,17000.0
chita,papa,2014a,200.0,180.0,2160.0
sotaquira,papa,2012a,96.0,96.0,182.4
beteitiva,papa,2014a,16.0,14.0,140.0
saboya,papa,2012a,250.0,200.0,6900.0
soata,papa,2016a,8.0,7.0,70.0
tuta,papa,2013a,100.0,96.0,768.0
sora,papa,2016b,120.0,120.0,1560.0
sutamarchan,papa,2016b,40.0,40.0,600.0
guican,papa,2011b,94.77,94.77,1137.28
buenavista,papa,2014b,35.0,25.0,325.0
santa-rosa-de-viterbo,papa,2013a,35.0,35.0,525.0
caldas,papa-criolla,2011a,21.0,21.0,420.0
la-uvita,papa,2013b,90.0,85.0,892.5
caldas,papa,2011a,74.0,53.0,1115.0
sutamarchan,papa,2011a,70.0,50.0,1000.0
chita,papa,2016a,205.0,180.0,2160.0
caldas,papa-criolla,2016b,30.0,20.0,200.0
combita,papa,2014a,640.0,620.0,11160.0
duitama,papa-criolla,2013b,15.0,15.0,180.0
iza,papa,2016a,11.8,10.0,150.0
el-espino,papa,2017a,33.0,33.0,198.0
turmeque,papa,2014b,150.0,140.0,2100.0
sora,papa,2011a,190.0,60.0,324.0
susacon,papa,2016a,50.0,50.0,750.0
siachoque,papa-criolla,2017a,20.0,20.0,400.0
san-miguel-de-sema,papa,2017a,6.0,4.5,90.0
tibana,papa,2011b,70.0,70.0,350.0
caldas,papa,2014a,100.0,95.0,1045.0
cerinza,papa,2016a,12.0,12.0,192.0
somondoco,papa,2013a,14.0,13.0,104.0
saboya,papa-criolla,2011b,474.0,420.0,8400.0
cuitiva,papa-criolla,2013b,1.0,1.0,10.0
jenesano,papa,2012a,180.0,180.0,2160.0
soraca,papa,2012b,740.0,740.0,14800.0
caldas,papa,2016b,25.0,20.0,3.2
el-espino,papa,2014a,20.0,20.0,160.0
santa-rosa-de-viterbo,papa-criolla,2011b,48.0,47.0,846.0
saboya,papa-criolla,2016b,700.0,700.0,17500.0
mongua,papa,2012a,170.0,160.0,1920.0
caldas,papa,2016a,90.0,60.0,600.0
gachantiva,papa,2014a,8.0,8.0,56.0
cuitiva,papa-criolla,2016a,1.0,1.0,8.0
sogamoso,papa,2012b,500.0,500.0,6000.0
beteitiva,papa-criolla,2011a,2.0,2.0,20.0
cuitiva,papa,2014b,30.0,30.0,300.0
panqueba,papa,2014a,25.0,20.0,180.0
pisba,papa,2016a,1.0,1.0,10.0
tunja,papa,2016b,2570.0,2.57,51400.0
pauna,papa,2012b,36.0,28.0,280.0
tipacoque,papa-criolla,2017a,10.5,9.0,81.0
guacamayas,papa,2013a,20.0,18.0,108.0
susacon,papa,2011b,90.0,90.0,2700.0
siachoque,papa,2016b,200.0,200.0,4000.0
saboya,papa,2012a,190.0,160.0,3008.0
ventaquemada,papa-criolla,2016b,80.0,70.0,1400.0
sotaquira,papa,2013a,351.0,351.0,5616.0
tipacoque,papa,2016b,4.0,4.0,120.0
mongua,papa,2017a,35.0,35.0,420.0
nobsa,papa,2016a,64.0,59.0,590.0
tinjaca,papa-criolla,2011b,13.0,12.0,96.0
jerico,papa-criolla,2014a,2.0,2.0,14.0
pauna,papa,2012a,21.0,21.0,210.0
tunja,papa,2014a,2500.0,2.5,50000.0
belen,papa,2017a,710.0,680.0,13600.0
chivata,papa,2012b,100.0,90.0,1620.0
jerico,papa,2016a,250.0,245.0,2450.0
raquira,papa,2012b,80.0,80.0,800.0
raquira,papa,2012a,80.0,80.0,800.0
santa-rosa-de-viterbo,papa-criolla,2016a,35.0,32.0,576.0
pachavita,papa,2011a,10.0,10.0,300.0
duitama,papa-criolla,2012b,12.0,11.0,66.0
soata,papa,2016b,5.0,4.5,45.0
socha,papa-criolla,2011a,12.64,10.54,42.15
iza,papa,2014b,15.0,15.0,240.0
tunja,papa-criolla,2016b,10.0,10.0,120.0
oicata,papa,2013a,350.0,305.0,3202.5
chiquiza,papa-criolla,2011a,32.0,21.0,210.0
arcabuco,papa,2011a,1263.0,1.158,23160.0
ventaquemada,papa-criolla,2013b,100.0,90.0,900.0
soraca,papa,2016b,832.0,832.0,29120.0
chivata,papa,2016a,20.0,16.0,240.0
sogamoso,papa,2011a,800.0,700.0,8400.0
nobsa,papa,2013b,7.0,3.0,45.0
beteitiva,papa-criolla,2016a,5.0,5.0,30.0
guican,papa,2013a,110.0,90.0,1170.0
panqueba,papa,2016b,12.0,10.0,90.0
paipa,papa,2014a,5.0,5.0,69.5
chivata,papa,2017a,120.0,100.0,1800.0
caldas,papa,2014b,95.0,90.0,990.0
gameza,papa,2017a,420.0,420.0,5460.0
paipa,papa,2017a,54.71,54.71,656.52
garagoa,papa,2013b,10.0,10.0,130.0
almeida,papa,2017a,5.0,4.5,31.5
ramiriqui,papa-criolla,2017a,10.0,10.0,150.0
tasco,papa-criolla,2014a,20.0,20.0,80.0
paz-de-rio,papa,2016a,20.0,18.0,180.0
chita,papa,2011a,210.67,200.13,3602.42
santa-rosa-de-viterbo,papa,2016b,27.0,26.0,390.0
rondon,papa,2011a,10.53,10.53,40.0
pesca,papa,2011b,52.69,52.69,790.34
chiquiza,papa,2012a,800.0,750.0,7500.0
chinavita,papa,2016b,2.1,2.0,44.0
duitama,papa-criolla,2016b,8.0,8.0,112.0
soraca,papa,2013a,1200.0,1.2,28800.0
cucaita,papa,2016b,200.0,200.0,3400.0
motavita,papa,2012a,180.0,162.0,2025.0
viracacha,papa,2017a,410.0,390.0,6240.0
jenesano,papa,2013b,230.0,230.0,3450.0
santa-rosa-de-viterbo,papa,2011b,36.0,34.0,476.0
beteitiva,papa,2013a,11.0,11.0,110.0
soata,papa,2012a,5.0,5.0,50.0
raquira,papa,2016a,90.0,90.0,1350.0
cienega,papa,2016a,220.0,220.0,2640.0
cerinza,papa,2012a,8.0,6.0,90.0
el-cocuy,papa,2013b,200.0,200.0,2400.0
raquira,papa,2013a,800.0,800.0,8400.0
saboya,papa,2017a,3100.0,1.9,38000.0
oicata,papa,2011a,600.0,500.0,8000.0
belen,papa,2013b,900.0,900.0,13500.0
firavitoba,papa,2016a,90.0,90.0,1350.0
sogamoso,papa,2016a,500.0,450.0,6750.0
tutaza,papa,2014a,8.0,8.0,240.0
tota,papa,2017a,520.0,515.0,10300.0
motavita,papa,2016a,580.0,580.0,9860.0
susacon,papa,2012b,70.0,60.0,1920.0
tibana,papa,2017a,50.0,50.0,1500.0
socota,papa,2012a,110.0,110.0,6600.0
pachavita,papa,2013a,10.0,10.0,100.0
santa-rosa-de-viterbo,papa-criolla,2014a,34.0,32.0,576.0
combita,papa,2016b,400.0,390.0,7410.0
firavitoba,papa,2014b,80.0,75.0,2250.0
arcabuco,papa,2013b,980.0,560.0,11200.0
sogamoso,papa,2012a,600.0,500.0,6000.0
saboya,papa,2011a,927.0,922.0,20480.0
cucaita,papa,2014b,80.0,72.0,1440.0
tipacoque,papa,2014a,3.0,3.0,22.5
chivata,papa,2013b,194.0,165.5,3720.5
motavita,papa-criolla,2016a,20.0,18.0,1440.0
mongua,papa,2014a,180.0,180.0,2160.0
floresta,papa,2013a,60.0,50.0,500.0
chinavita,papa,2017a,3.1,2.1,13.65
socha,papa-criolla,2012a,8.0,8.0,40.0
pajarito,papa,2013a,1.0,1.0,12.0
tutaza,papa,2017a,50.0,40.0,400.0
cucaita,papa,2012b,400.0,400.0,6000.0
chiquiza,papa-criolla,2017a,40.0,33.0,363.0
ramiriqui,papa,2016a,150.0,150.0,3000.0
arcabuco,papa,2014b,1000.0,900.0,18000.0
sativanorte,papa,2012a,90.0,90.0,1530.0
viracacha,papa,2016a,410.0,390.0,6240.0
toca,papa,2014b,1100.0,1.09,10900.0
buenavista,papa,2013b,30.0,6.0,96.0
chivor,papa,2016a,5.0,5.0,60.0
turmeque,papa,2012b,150.0,140.0,1680.0
tutaza,papa,2014b,300.0,300.0,9000.0
combita,papa,2012a,700.0,700.0,12600.0
chiquinquira,papa,2012b,70.0,60.0,420.0
saboya,papa,2012b,250.0,200.0,5000.0
soraca,papa,2016b,15.0,15.0,450.0
duitama,papa-criolla,2016a,40.0,40.0,720.0
paz-de-rio,papa,2011b,8.43,8.43,126.38
duitama,papa,2014a,60.0,60.0,720.0
villa-de-leyva,papa,2014a,39.85,39.85,627.64
guican,papa,2016a,48.0,20.0,200.0
chiscas,papa,2014a,60.0,60.0,1200.0
paipa,papa,2011b,95.0,95.0,1140.0
socha,papa,2011a,117.95,115.85,1390.18
firavitoba,papa,2014a,100.0,100.0,1500.0
oicata,papa,2016a,90.0,50.0,750.0
floresta,papa,2016a,45.0,2.5,25.0
tinjaca,papa,2014a,25.0,23.0,322.0
sativanorte,papa,2013a,90.0,90.0,1530.0
saboya,papa,2011b,1000.0,874.0,19102.0
oicata,papa,2017a,30.0,20.0,320.0
tutaza,papa,2014b,10.0,10.0,300.0
tasco,papa,2016b,40.0,40.0,320.0
sora,papa,2014b,10.0,7.5,75.0
soraca,papa,2017a,800.0,750.0,22500.0
tutaza,papa,2016b,5.0,5.0,50.0
cuitiva,papa,2011a,42.15,42.15,505.76
sativanorte,papa,2014b,65.0,65.0,1105.0
rondon,papa,2013a,18.0,11.0,88.0
sogamoso,papa,2017a,47.0,26.0,520.0
ventaquemada,papa-criolla,2011a,30.0,30.0,330.0
labranzagrande,papa,2012a,4.0,3.0,3.0
garagoa,papa,2012a,12.0,12.0,132.0
ventaquemada,papa,2014b,1500.0,1.5,45000.0
santa-sofia,papa,2012a,50.0,50.0,500.0
saboya,papa-criolla,2016a,720.0,720.0,18000.0
san-miguel-de-sema,papa-criolla,2017a,4.0,3.5,17.5
beteitiva,papa-criolla,2012a,2.0,2.0,2.4
iza,papa,2013a,35.0,35.0,630.0
somondoco,papa,2017a,10.0,9.5,76.0
tasco,papa,2013a,80.0,80.0,1040.0
chiquinquira,papa,2014b,100.0,100.0,800.0
soraca,papa,2011a,737.0,737.0,14740.0
sativanorte,papa,2014a,85.0,85.0,1360.0
rondon,papa,2016b,14.0,14.0,238.0
motavita,papa,2017a,250.0,250.0,5500.0
san-miguel-de-sema,papa,2016a,40.0,4.0,72.0
buenavista,papa-criolla,2014a,40.0,30.0,300.0
combita,papa,2013b,400.0,400.0,7200.0
jenesano,papa,2012b,200.0,180.0,2160.0
mongua,papa,2013b,270.0,260.0,3120.0
chiscas,papa,2013a,50.0,50.0,1000.0
ventaquemada,papa,2012a,2000.0,1.9,47500.0
labranzagrande,papa,2014b,5.0,4.0,24.0
pachavita,papa,2013b,10.0,8.0,80.0
sativasur,papa,2011a,17.0,17.0,8.5
sora,papa,2012b,73.0,73.0,1168.0
guacamayas,papa,2016b,30.0,26.0,156.0
pauna,papa,2017a,16.0,14.4,201.6
ventaquemada,papa-criolla,2014a,120.0,120.0,2400.0
tutaza,papa,2014a,400.0,400.0,10000.0
siachoque,papa,2013b,3000.0,3.0,45000.0
duitama,papa-criolla,2016a,8.0,8.0,120.0
tinjaca,papa,2016b,6.0,6.0,72.0
combita,papa,2017a,100.0,98.0,1470.0
caldas,papa,2011b,137.0,137.0,3315.4
tasco,papa,2017a,60.0,60.0,480.0
cuitiva,papa,2013a,40.0,40.0,400.0
samaca,papa,2013a,700.0,700.0,17500.0
santa-rosa-de-viterbo,papa-criolla,2013a,36.0,36.0,648.0
chiquiza,papa-criolla,2011b,11.0,11.0,99.0
chiscas,papa,2016b,60.0,60.0,1200.0
jerico,papa,2012b,224.0,218.0,6104.0
aquitania,papa,2011a,316.0,295.0,7375.0
guateque,papa,2012b,2.0,1.8,12.6
santa-rosa-de-viterbo,papa-criolla,2013b,36.0,35.0,630.0
la-uvita,papa,2014a,90.0,85.0,892.5
tuta,papa,2014a,70.0,50.0,450.0
samaca,papa,2016b,1100.0,1.1,17600.0
tunja,papa-criolla,2017a,120.0,120.0,1200.0
busbanza,papa,2011a,9.0,9.0,45.0
san-miguel-de-sema,papa,2013b,230.0,190.0,3800.0
miraflores,papa,2016a,3.0,2.8,28.0
nuevo-colon,papa,2014a,300.0,300.0,4200.0
turmeque,papa,2012a,110.0,100.0,1200.0
santa-rosa-de-viterbo,papa-criolla,2014b,32.0,30.0,540.0
tibana,papa,2016b,25.0,25.0,625.0
tinjaca,papa,2012a,22.0,18.0,288.0
viracacha,papa,2016b,410.0,390.0,6240.0
socha,papa-criolla,2013a,8.0,8.0,64.0
chiquinquira,papa-criolla,2016a,60.0,50.0,200.0
belen,papa,2012a,850.0,850.0,15300.0
cuitiva,papa-criolla,2014b,1.0,1.0,10.0
nobsa,papa,2014b,5.0,5.0,50.0
soata,papa,2011b,6.0,6.0,60.0
ramiriqui,papa,2017a,200.0,200.0,4000.0
chiquinquira,papa,2017a,200.0,200.0,2400.0
la-uvita,papa,2016a,17.0,16.0,160.0
chiquinquira,papa,2011a,100.0,85.0,820.0
gachantiva,papa,2013b,10.0,10.0,120.0
soata,papa,2017a,8.0,7.0,70.0
viracacha,papa-criolla,2012b,7.34,7.34,55.05
aquitania,papa-criolla,2016a,30.0,30.0,300.0
oicata,papa,2014b,50.0,20.0,200.0
santa-sofia,papa,2014a,40.0,40.0,480.0
arcabuco,papa,2011b,1137.0,1.052,21040.0
rondon,papa,2014b,10.0,10.0,150.0
soata,papa,2013b,6.0,6.0,60.0
umbita,papa,2014b,850.0,850.0,13600.0
garagoa,papa,2011b,10.0,10.0,110.0
tipacoque,papa,2014b,3.0,3.0,22.5
cienega,papa,2013b,270.0,270.0,3375.0
sotaquira,papa,2011b,279.0,279.0,4244.0
tunja,papa,2011a,2850.0,2.08,39360.0
corrales,papa,2011b,8.96,8.96,58.68
soraca,papa,2016a,500.0,100.0,1500.0
saboya,papa-criolla,2013a,590.0,474.0,5688.0
cucaita,papa,2014a,140.0,130.0,2600.0
chivor,papa,2016b,7.0,7.0,84.0
tuta,papa,2014b,100.0,70.0,630.0
cerinza,papa,2016b,5.0,5.0,80.0
viracacha,papa,2014a,410.0,390.0,6240.0
cienega,papa,2014a,200.0,200.0,2400.0
sora,papa,2016a,100.0,90.0,1350.0
turmeque,papa,2013a,110.0,100.0,2000.0
samaca,papa,2012b,600.5,600.0,18000.0
tasco,papa-criolla,2017a,20.0,20.0,80.0
firavitoba,papa,2012b,150.0,140.0,2142.0
buenavista,papa,2014a,30.0,10.0,130.0
sativasur,papa-criolla,2013a,4.0,4.0,24.0
pauna,papa-criolla,2017a,7.0,7.0,140.0
villa-de-leyva,papa,2016a,175.0,175.0,2100.0
soraca,papa-criolla,2016b,500.0,500.0,10000.0
tasco,papa,2013b,100.0,100.0,1300.0
somondoco,papa,2014a,10.0,9.0,72.0
cucaita,papa,2013b,350.0,350.0,5250.0
samaca,papa,2014b,1119.5,10.197,16315.2
caldas,papa-criolla,2013b,140.0,140.0,1400.0
buenavista,papa,2012b,30.0,6.0,96.0
saboya,papa,2012b,100.0,80.0,1200.0
busbanza,papa,2016a,4.2,1.8,0.5
pachavita,papa,2014b,10.0,10.0,100.0
paz-de-rio,papa,2012b,16.0,16.0,240.0
rondon,papa,2016a,14.0,14.0,238.0
firavitoba,papa,2016b,90.0,90.0,1350.0
sora,papa,2014b,40.0,35.0,700.0
jenesano,papa,2013a,220.0,220.0,3740.0
corrales,papa,2013b,3.0,3.0,25.5
beteitiva,papa,2014b,10.0,10.0,100.0
guacamayas,papa,2014a,10.0,8.0,48.0
sotaquira,papa,2011a,279.0,279.0,4244.0
pajarito,papa,2014a,1.0,1.0,12.0
tasco,papa-criolla,2016a,4.0,4.0,28.0
sogamoso,papa,2017a,8.0,7.0,182.0
chiquinquira,papa-criolla,2016b,60.0,50.0,200.0
raquira,papa,2016b,110.0,110.0,1650.0
villa-de-leyva,papa,2017a,180.0,180.0,2700.0
tuta,papa,2011b,30.0,25.0,300.0
tibana,papa,2012a,140.0,130.0,1690.0
ramiriqui,papa,2016b,450.0,450.0,9000.0
beteitiva,papa-criolla,2014b,5.0,5.0,30.0
saboya,papa,2012b,80.0,60.0,1500.0
motavita,papa,2014b,180.0,180.0,2340.0
siachoque,papa,2016b,100.0,100.0,2000.0
guateque,papa,2011a,2.0,2.0,14.0
tutaza,papa,2016a,350.0,350.0,10500.0
almeida,papa,2013a,9.0,9.0,58.5
socha,papa,2013a,100.0,95.0,1140.0
soraca,papa-criolla,2016a,300.0,100.0,500.0
pesca,papa,2011a,73.7,73.7,1252.84
corrales,papa,2012a,20.0,18.0,126.0
paz-de-rio,papa,2013a,14.0,14.0,168.0
chita,papa,2013b,100.0,95.0,1140.0
tibasosa,papa,2012b,40.0,40.0,480.0
duitama,papa,2017a,20.0,20.0,360.0
guacamayas,papa,2012a,2.0,2.0,12.0
caldas,papa,2012a,211.0,190.0,841.7
gameza,papa,2011a,370.0,370.0,5550.0
sogamoso,papa,2011b,600.0,550.0,6600.0
samaca,papa,2016a,700.0,700.0,17500.0
panqueba,papa,2013b,35.0,30.0,240.0
santa-rosa-de-viterbo,papa,2012b,37.0,36.0,504.0
tasco,papa-criolla,2012a,20.0,20.0,240.0
soraca,papa,2011b,758.0,758.0,15160.0
sativasur,papa,2016a,42.0,42.0,504.0
jerico,papa,2016b,300.0,290.0,2900.0
ramiriqui,papa-criolla,2016a,15.0,15.0,225.0
saboya,papa-criolla,2013b,490.0,474.0,4740.0
mongui,papa,2014b,50.0,49.0,539.0
tibana,papa,2012b,130.0,120.0,1560.0
ramiriqui,papa,2014b,200.0,200.0,3000.0
cerinza,papa,2011b,90.0,90.0,1080.0
chiscas,papa-criolla,2014a,5.0,5.0,50.0
duitama,papa-criolla,2014a,8.0,8.0,80.0
pesca,papa,2013a,50.0,50.0,850.0
gachantiva,papa,2011a,21.06,21.06,315.85
pesca,papa,2016a,140.0,130.0,2106.0
toca,papa,2011b,700.0,650.0,3900.0
corrales,papa,2016a,10.0,9.0,58.5
sora,papa,2014a,90.0,85.0,2125.0
chiquiza,papa,2011b,948.0,895.0,15675.0
chiquinquira,papa,2016b,140.0,135.0,1998.0
santa-sofia,papa,2011a,57.89,57.89,521.03
tinjaca,papa,2013a,22.0,18.0,216.0
guican,papa,2011a,115.72,115.72,1446.51
almeida,papa,2011a,13.0,13.0,91.0
santa-sofia,papa,2016a,30.0,30.0,360.0
pesca,papa,2017a,85.0,71.0,1491.0
tasco,papa,2011b,84.0,79.0,1027.0
saboya,papa-criolla,2014a,590.0,590.0,11210.0
firavitoba,papa-criolla,2014b,50.0,50.0,600.0
belen,papa,2012a,45.0,45.0,675.0
siachoque,papa,2016a,700.0,400.0,8000.0
cucaita,papa,2017a,200.0,198.0,1980.0
susacon,papa,2014a,65.0,65.0,1950.0
aquitania,papa,2017a,300.0,280.0,7140.0
tutaza,papa,2011a,1000.0,250.0,8000.0
corrales,papa,2014a,10.0,8.0,56.0
caldas,papa-criolla,2014b,80.0,74.0,592.0
ramiriqui,papa-criolla,2013a,30.0,30.0,360.0
aquitania,papa,2016b,160.0,140.0,3500.0
chiquinquira,papa,2011b,170.0,140.0,1520.0
cienega,papa,2011b,290.0,280.0,3350.0
santa-rosa-de-viterbo,papa-criolla,2012a,40.0,39.0,702.0
beteitiva,papa,2013b,6.0,6.0,60.0
paipa,papa,2013a,105.0,100.0,1500.0
viracacha,papa,2011b,190.0,190.0,3890.0
paz-de-rio,papa,2011a,15.78,15.78,236.75
tota,papa,2011b,105.0,105.0,1575.0
jenesano,papa,2014b,200.0,200.0,3000.0
beteitiva,papa,2011b,2.0,2.0,30.0
motavita,papa,2017a,460.0,460.0,9200.0
duitama,papa-criolla,2011a,10.0,8.0,48.0
tinjaca,papa,2011b,21.0,20.0,320.0
belen,papa-criolla,2017a,52.0,48.0,624.0
motavita,papa,2013a,500.0,460.0,8500.0
caldas,papa-criolla,2014a,90.0,84.0,672.0
umbita,papa,2013a,360.0,360.0,5760.0
el-cocuy,papa,2017a,200.0,200.0,2400.0
soraca,papa-criolla,2017a,420.0,390.0,5850.0
caldas,papa-criolla,2012a,84.0,84.0,571.2
chivata,papa,2012b,30.0,25.0,250.0
la-uvita,papa,2016a,6.0,5.8,58.0
tibasosa,papa,2013b,40.0,40.0,800.0
tunja,papa,2014b,900.0,900.0,18000.0
socota,papa,2016a,230.0,230.0,5750.0
chita,papa,2013a,200.0,180.0,2160.0
tibana,papa,2013a,250.0,250.0,6250.0
ramiriqui,papa,2014a,200.0,200.0,3000.0
topaga,papa,2017a,4.0,4.0,40.0
jerico,papa,2011b,126.3,126.3,2315.47
tutaza,papa,2016b,390.0,390.0,9750.0
oicata,papa,2013b,200.0,180.0,1890.0
sutamarchan,papa,2013a,100.0,100.0,1800.0
santa-rosa-de-viterbo,papa-criolla,2016b,30.0,28.0,504.0
cienega,papa,2016b,264.0,264.0,3168.0
ramiriqui,papa-criolla,2011b,26.0,26.0,390.0
paipa,papa,2016a,60.0,58.0,696.0
sativasur,papa,2013b,12.0,11.0,66.0
nuevo-colon,papa,2017a,130.0,130.0,1820.0
almeida,papa,2014a,8.0,8.0,54.4
siachoque,papa,2012b,2000.0,2.0,24000.0
san-miguel-de-sema,papa,2014a,200.0,180.0,2700.0
el-cocuy,papa,2016a,200.0,200.0,2400.0
viracacha,papa,2012b,330.0,330.0,5306.4
mongua,papa,2016a,30.0,30.0,360.0
santa-rosa-de-viterbo,papa,2014a,32.0,30.0,450.0
floresta,papa,2014a,55.0,50.0,500.0
tasco,papa-criolla,2016b,5.0,5.0,30.0
la-uvita,papa,2017a,25.0,25.0,212.5
tuta,papa,2016b,75.0,72.0,936.0
sotaquira,papa,2012a,155.0,155.0,418.5
chiscas,papa,2011a,36.0,30.0,95.0
boyaca,papa,2014b,200.0,200.0,5000.0
el-cocuy,papa,2014b,50.0,50.0,600.0
pajarito,papa,2012a,2.0,2.0,24.0
nuevo-colon,papa,2016a,200.0,200.0,2800.0
susacon,papa,2011a,70.0,58.0,1740.0
tuta,papa,2012a,100.0,96.0,768.0
chiquiza,papa-criolla,2016b,25.0,22.0,242.0
socha,papa,2016a,100.0,100.0,1140.0
siachoque,papa,2016a,500.0,400.0,8000.0
tutaza,papa,2017a,300.0,180.0,5400.0
raquira,papa,2013b,600.0,600.0,6300.0
tipacoque,papa,2016a,3.0,3.0,22.5
saboya,papa,2016b,2000.0,2.0,40000.0
nobsa,papa,2014a,5.0,5.0,50.0
tutaza,papa,2013b,500.0,500.0,16000.0
nobsa,papa,2017a,64.0,57.0,570.0
guateque,papa,2012a,2.0,1.6,11.2
aquitania,papa,2013a,324.0,320.0,8000.0
toca,papa,2016a,50.0,49.0,2450.0
ventaquemada,papa-criolla,2013a,100.0,100.0,1500.0
pauna,papa,2011a,21.0,21.0,210.0
aquitania,papa,2014b,160.0,140.0,3500.0
gameza,papa,2013a,340.0,340.0,5100.0
turmeque,papa,2013b,150.0,140.0,2100.0
rondon,papa,2017a,14.0,14.0,238.0
mongui,papa,2016a,60.0,50.0,750.0
panqueba,papa,2012a,30.0,25.0,12.5
toca,papa,2012a,1200.0,1.1,11000.0
gameza,papa,2013b,370.0,370.0,5550.0
sotaquira,papa,2017a,172.0,172.0,3784.0
el-espino,papa,2016a,32.0,28.0,168.0
soata,papa,2013a,5.0,5.0,50.0
oicata,papa,2016b,55.0,50.0,750.0
saboya,papa,2014b,1500.0,1.5,30000.0
sora,papa,2013b,73.0,73.0,1825.0
mongui,papa,2014a,50.0,48.0,576.0
sotaquira,papa,2016a,180.0,180.0,3600.0
boyaca,papa,2014a,250.0,250.0,6250.0
viracacha,papa-criolla,2016a,15.0,8.0,64.0
chivata,papa,2011a,410.0,352.0,5544.0
tasco,papa,2016a,35.0,34.0,289.0
saboya,papa,2014a,1500.0,1.5,30000.0
duitama,papa,2014b,20.0,20.0,240.0
tota,papa,2016a,510.0,500.0,10000.0
cerinza,papa,2013a,8.0,6.0,90.0
tunja,papa-criolla,2016a,30.0,30.0,360.0
sotaquira,papa,2012a,100.0,100.0,280.0
jerico,papa,2017a,25.0,25.0,375.0
cienega,papa,2013a,270.0,270.0,3375.0
santa-rosa-de-viterbo,papa,2011a,38.0,35.0,490.0
turmeque,papa,2017a,240.0,230.0,5060.0
paz-de-rio,papa,2017a,22.0,20.0,600.0
somondoco,papa,2011b,8.43,7.9,63.19
tibana,papa,2014a,85.0,84.5,1267.5
cerinza,papa,2013b,12.0,10.0,150.0
ramiriqui,papa-criolla,2014b,30.0,30.0,360.0
el-espino,papa,2013a,20.0,20.0,200.0
buenavista,papa,2012a,35.0,35.0,420.0
chiscas,papa-criolla,2013a,5.0,5.0,50.0
tibasosa,papa,2016b,72.9,54.9,1740.3
motavita,papa,2016b,120.0,110.0,1870.0
saboya,papa-criolla,2014b,590.0,590.0,11210.0
chita,papa,2012b,105.0,100.0,1800.0
sativasur,papa,2016b,42.0,42.0,504.0
san-miguel-de-sema,papa,2012a,220.0,200.0,8000.0
duitama,papa-criolla,2014b,4.0,4.0,40.0
firavitoba,papa,2013a,150.0,140.0,3500.0
gameza,papa,2011b,100.0,100.0,1200.0
aquitania,papa,2014a,325.0,320.0,8000.0
tota,papa,2014a,300.0,280.0,5040.0
garagoa,papa,2011a,15.0,15.0,165.0
belen,papa-criolla,2013b,45.0,45.0,540.0
topaga,papa,2012a,15.0,13.0,130.0
raquira,papa,2011a,70.0,70.0,700.0
beteitiva,papa-criolla,2014a,5.0,5.0,30.0
cerinza,papa,2012b,16.0,12.0,180.0
cucaita,papa,2014a,180.0,165.0,3300.0
tota,papa,2014b,100.0,95.0,1425.0
viracacha,papa,2012a,250.0,250.0,4025.0
arcabuco,papa,2012b,1050.0,800.0,16000.0
soraca,papa,2016a,32.0,15.0,300.0
raquira,papa,2017a,27.0,27.0,337.5
siachoque,papa,2013a,2500.0,2.5,30000.0
tota,papa,2011a,421.0,421.0,8420.0
umbita,papa,2011a,350.0,250.0,3850.0
chita,papa,2012a,195.0,180.0,3240.0
ventaquemada,papa,2017a,1630.0,1.43,42900.0
chinavita,papa,2016a,2.1,2.0,44.0
tibasosa,papa,2017a,72.9,54.9,1740.33
tasco,papa-criolla,2014b,15.0,15.0,60.0
pesca,papa,2012a,290.0,280.0,4592.0
jerico,papa,2013a,150.0,150.0,1500.0
tibasosa,papa,2014b,60.0,60.0,2400.0
oicata,papa,2012a,540.0,520.0,18200.0
aquitania,papa-criolla,2017a,30.0,30.0,240.0
busbanza,papa,2012a,4.0,2.0,2.0
firavitoba,papa,2017a,120.0,120.0,1800.0
duitama,papa,2011a,60.0,30.0,240.0
sogamoso,papa-criolla,2017a,23.0,21.0,294.0
el-cocuy,papa,2012a,200.0,200.0,2400.0
almeida,papa-criolla,2017a,3.5,3.5,14.0
sogamoso,papa,2016b,550.0,530.0,7950.0
san-miguel-de-sema,papa,2014b,230.0,230.0,4600.0
san-miguel-de-sema,papa,2017a,5.0,3.0,60.0
buenavista,papa,2016b,15.0,15.0,45.0
boyaca,papa,2013a,210.0,210.0,4200.0
pachavita,papa,2011b,15.0,15.0,375.0
chiscas,papa-criolla,2012b,6.0,6.0,72.0
busbanza,papa,2013a,3.5,2.0,20.0
chiquiza,papa-criolla,2016a,30.0,27.0,297.0
pesca,papa,2013b,50.0,50.0,850.0
saboya,papa,2013b,1030.0,1.02,20400.0
sotaquira,papa,2016a,250.0,250.0,4000.0
pauna,papa-criolla,2016b,30.0,28.0,112.0
chiscas,papa,2016a,50.0,50.0,1000.0
chinavita,papa,2012b,2.0,2.0,13.6
ventaquemada,papa-criolla,2012a,20.0,20.0,360.0
soata,papa,2014b,4.0,3.5,28.0
tutaza,papa,2017a,200.0,180.0,5400.0
combita,papa,2016a,600.0,560.0,10640.0
cuitiva,papa-criolla,2016b,1.0,1.0,8.0
raquira,papa,2014b,173.0,170.0,2550.0
mongua,papa,2011b,230.0,200.0,1600.0
tutaza,papa,2017a,200.0,180.0,4500.0
cuitiva,papa,2016b,15.0,15.0,150.0
tibasosa,papa,2011a,40.0,10.0,133.0
somondoco,papa,2016a,10.0,9.0,72.0
ventaquemada,papa,2013a,2300.0,2.0,50000.0
jenesano,papa,2011a,210.7,210.7,2528.43
chivata,papa,2016b,23.0,20.0,300.0
soata,papa,2011a,5.0,5.0,50.0
el-espino,papa,2013b,10.0,8.0,64.0
samaca,papa,2014a,630.0,620.0,17360.0
sativanorte,papa,2012b,90.0,90.0,1530.0
tibasosa,papa,2016a,72.9,54.9,1740.3
sotaquira,papa,2014a,395.0,395.0,6320.0
boyaca,papa,2016b,200.0,190.0,3800.0
chiquinquira,papa,2013b,100.0,90.0,1450.0
pachavita,papa,2016b,8.0,7.5,45.0
paz-de-rio,papa,2014a,7.0,5.0,60.0
paz-de-rio,papa,2014a,7.0,5.0,60.0
socota,papa,2017a,240.0,240.0,6000.0
buenavista,papa-criolla,2013a,55.0,55.0,825.0
buenavista,papa,2012a,52.0,48.0,720.0
la-uvita,papa,2012a,90.0,75.0,112.5
tota,papa,2019a,390.0,360.0,7200.0
tota,papa,2019b,420.0,390.0,7800.0
duitama,papa,2019a,15.0,14.55,261.9
duitama,papa-criolla,2019a,3.0,2.91,46.56
pachavita,papa,2019b,10.0,9.0,54.0
boyaca,papa,2019a,240.0,240.0,4800.0
paz-de-rio,papa,2019a,23.0,23.0,276.0
nobsa,papa,2019a,65.0,65.0,2080.0
nobsa,papa,2019b,62.0,62.0,1302.0
chiscas,papa,2019a,100.0,100.0,1800.0
el-cocuy,papa,2019a,300.0,300.0,2700.0
santa-sofia,papa,2019a,45.0,45.0,675.0
duitama,papa,2019b,15.0,14.55,261.9
duitama,papa-criolla,2019b,3.0,2.91,46.56
sotaquira,papa,2019a,470.0,470.0,18800.0
nuevo-colon,papa,2019a,156.0,156.0,2184.0
nuevo-colon,papa,2019b,180.0,180.0,2520.0
chivor,papa,2019a,5.0,5.0,100.0
tipacoque,papa,2019a,2.0,1.5,10.5
tipacoque,papa-criolla,2019a,1.0,1.0,15.0
santa-rosa-de-viterbo,papa,2019a,27.0,27.0,405.0
santa-rosa-de-viterbo,papa-criolla,2019a,30.0,30.0,420.0
santa-rosa-de-viterbo,papa,2019b,26.0,26.0,390.0
santa-rosa-de-viterbo,papa-criolla,2019b,21.0,21.0,294.0
guican,papa,2019a,37.0,35.0,420.0
guican,papa-criolla,2019a,2.0,2.0,18.0
guican,papa,2019b,43.0,41.0,492.0
guican,papa-criolla,2019b,3.0,2.8,25.2
umbita,papa-criolla,2019a,10.0,10.0,80.0
umbita,papa,2019b,640.0,620.0,12400.0
umbita,papa-criolla,2019b,11.0,10.0,80.0
mongui,papa,2019a,40.0,40.0,800.0
mongui,papa,2019b,40.0,40.0,800.0
mongui,papa-criolla,2019a,10.0,10.0,100.0
turmeque,papa,2019a,200.0,190.0,4180.0
firavitoba,papa,2019a,120.0,120.0,2400.0
cerinza,papa,2019a,12.0,12.0,144.0
tuta,papa,2019a,120.0,119.0,1700.0
tuta,papa,2019b,50.0,50.0,650.0
susacon,papa,2019a,115.0,108.0,2415.0
jerico,papa,2019a,300.0,299.0,4784.0
gameza,papa,2019a,405.0,400.0,4800.0
gameza,papa,2019b,140.0,138.0,1656.0
pesca,papa,2019b,326.0,318.0,21942.0
mongua,papa,2019a,200.0,200.0,2400.0
chinavita,papa,2019a,3.5,3.0,90.0
tibana,papa,2019a,170.0,170.0,3740.0
iza,papa,2019a,15.0,13.0,195.0
guacamayas,papa,2019a,6.0,6.0,36.0
guacamayas,papa,2019b,30.0,29.0,290.0
pachavita,papa,2019a,14.0,13.0,78.0
siachoque,papa-criolla,2019a,50.0,50.0,600.0
san-jose-de-pare,papa,2019a,2.0,2.0,20.0
rondon,papa,2019a,10.0,10.0,150.0
rondon,papa-criolla,2019a,1.0,1.0,12.0
rondon,papa,2019b,5.0,5.0,75.0
la-uvita,papa,2019a,23.0,21.0,252.0
la-uvita,papa-criolla,2019a,4.0,3.0,6.0
samaca,papa,2019a,700.0,700.0,26600.0
villa-de-leiva,papa,2019a,180.0,150.0,3900.0
villa-de-leiva,papa,2019b,220.0,219.0,4818.0
chiquinquira,papa,2019a,200.0,200.0,2400.0
chiquinquira,papa-criolla,2019a,50.0,50.0,40.0
macanal,papa,2019a,6.0,6.0,72.0
tibasosa,papa,2019a,70.0,70.0,2100.0
somondoco,papa,2019b,8.0,8.0,96.0
cienega,papa,2019a,264.0,264.0,3226.0
tibasosa,papa,2019b,40.0,40.0,1200.0
boyaca,papa,2019b,140.0,140.0,3640.0
el-cocuy,papa,2019b,100.0,100.0,950.0
el-espino,papa,2019a,22.0,22.0,160.0
cienega,papa,2019b,245.0,245.0,3062.5
tasco,papa,2019a,30.0,30.0,255.0
tasco,papa-criolla,2019a,5.0,5.0,35.0
tasco,papa,2019b,30.0,30.0,255.0
tasco,papa-criolla,2019b,4.0,4.0,30.0
tinjaca,papa,2019a,17.0,16.0,256.0
tinjaca,papa-criolla,2019a,3.0,3.0,30.0
umbita,papa,2019a,410.0,410.0,8200.0
chivata,papa,2019a,60.0,60.0,1500.0
chivata,papa,2019b,50.0,50.0,900.0
pauna,papa,2019a,10.0,10.0,250.0
pauna,papa-criolla,2019a,10.0,10.0,100.0
pauna,papa,2019b,15.0,15.0,375.0
pauna,papa-criolla,2019b,10.0,10.0,100.0
jenesano,papa,2019a,350.0,350.0,5425.0
almeida,papa,2019a,5.0,5.0,35.0
almeida,papa-criolla,2019a,2.0,2.0,8.0
macanal,papa-criolla,2019b,3.0,2.0,16.0
macanal,papa,2019b,3.0,3.0,39.0
sativanorte,papa,2019a,83.0,83.0,1494.0
aquitania,papa,2019a,300.0,250.0,6500.0
aquitania,papa-criolla,2019a,35.0,30.0,240.0
viracacha,papa,2019a,417.0,307.8,4309.2
viracacha,papa-criolla,2019a,35.0,23.6,306.8
siachoque,papa-criolla,2019b,50.0,50.0,600.0
ventaquemada,papa,2019a,1600.0,1.5,45000.0
ventaquemada,papa-criolla,2019a,130.0,130.0,2860.0
ventaquemada,papa,2019b,2000.0,1.9,57000.0
ventaquemada,papa-criolla,2019b,80.0,80.0,1440.0
topaga,papa,2019a,79.0,79.0,948.0
soata,papa,2019a,12.0,10.0,100.0
saboya,papa,2019a,2400.0,2.35,47000.0
saboya,papa-criolla,2019a,700.0,630.0,12600.0
aquitania,papa,2019b,80.0,60.0,1500.0
aquitania,papa-criolla,2019b,30.0,25.0,200.0
paipa,papa,2019a,130.0,125.1,1225.98
tinjaca,papa,2019b,6.0,5.0,85.0
tinjaca,papa-criolla,2019b,3.0,2.7,24.3
chiquiza,papa,2019a,650.0,620.0,12400.0
chiquiza,papa-criolla,2019a,40.0,35.0,280.0
chiquiza,papa,2019b,750.0,720.0,14400.0
chiquiza,papa-criolla,2019b,40.0,35.0,280.0
toca,papa,2019a,1200.0,1.0,18000.0
combita,papa,2019a,650.0,650.0,14300.0
toca,papa,2019b,1300.0,1.2,18000.0
viracacha,papa,2019b,525.0,383.0,5591.8
viracacha,papa-criolla,2019b,30.0,23.6,332.76
cuitiva,papa,2019a,20.0,20.0,660.0
cuitiva,papa-criolla,2019a,3.0,3.0,18.0
cuitiva,papa-criolla,2019b,3.0,3.0,15.0
belen,papa,2019a,350.0,240.0,3840.0
belen,papa-criolla,2019a,30.0,27.0,378.0
belen,papa,2019b,320.0,320.0,4160.0
belen,papa-criolla,2019b,35.0,35.0,287.0
buenavista,papa,2019a,12.0,12.0,252.0
buenavista,papa,2019b,12.0,12.0,252.0
combita,papa,2019b,550.0,550.0,13750.0
gachantiva,papa,2019a,65.0,65.0,1300.0
gachantiva,papa,2019b,50.0,50.0,1200.0
cuitiva,papa,2019b,20.0,20.0,680.0
mongua,papa,2019b,42.0,42.0,504.0
beteitiva,papa,2019a,36.0,36.0,720.0
beteitiva,papa-criolla,2019a,7.0,7.0,105.0
somondoco,papa,2019a,10.0,10.0,120.0
mongui,papa-criolla,2019b,20.0,20.0,200.0
beteitiva,papa,2019b,22.0,22.0,440.0
beteitiva,papa-criolla,2019b,5.0,5.0,75.0
panqueba,papa,2019a,17.0,17.0,357.0
panqueba,papa,2019b,21.0,21.0,462.0
jenesano,papa,2019b,280.0,280.0,4200.0
paz-de-rio,papa,2019b,10.0,10.0,110.0
jerico,papa,2019b,200.0,199.0,3980.0
motavita,papa,2019a,910.0,910.0,20930.0
turmeque,papa,2019b,170.0,160.0,3520.0
garagoa,papa,2019a,4.0,3.5,21.0
topaga,papa,2019b,30.0,30.0,300.0
busbanza,papa,2019a,6.0,6.0,60.0
socota,papa,2019b,200.0,200.0,4000.0
garagoa,papa,2019b,4.0,3.0,18.0
ramiriqui,papa,2019a,240.0,210.0,3780.0
ramiriqui,papa-criolla,2019a,18.0,12.0,96.0
chita,papa,2019b,231.0,231.0,2772.0
arcabuco,papa,2019a,1250.0,1.25,31250.0
arcabuco,papa,2019b,1250.0,1.25,25000.0
saboya,papa,2019b,2500.0,2.45,49000.0
saboya,papa-criolla,2019b,750.0,730.0,13140.0
tunja,papa,2019a,2600.0,2.6,52000.0
tunja,papa-criolla,2019a,80.0,80.0,800.0
firavitoba,papa,2019b,160.0,120.0,2400.0
tunja,papa,2019b,2000.0,2.0,40000.0
tunja,papa-criolla,2019b,50.0,50.0,500.0
san-miguel-de-sema,papa,2019a,20.0,8.0,250.0
san-miguel-de-sema,papa-criolla,2019a,10.0,5.0,125.0
motavita,papa,2019b,350.0,350.0,8050.0
motavita,papa-criolla,2019b,15.0,15.0,105.0
corrales,papa,2019a,4.0,4.0,88.0
corrales,papa,2019b,1.0,0.8,17.6
susacon,papa,2019b,65.0,65.0,975.0
sogamoso,papa,2019a,240.0,240.0,4800.0
sogamoso,papa-criolla,2019a,8.0,7.0,70.0
sutamarchan,papa,2019a,20.0,16.0,275.0
floresta,papa,2019a,50.0,50.0,500.0
tutaza,papa,2019a,517.0,501.0,16032.0
tutaza,papa-criolla,2019a,38.0,36.0,648.0
tutaza,papa,2019b,528.0,526.0,16832.0
tutaza,papa-criolla,2019b,22.0,21.0,450.0
maripi,papa,2019a,10.0,9.7,194.0
maripi,papa,2019b,9.0,8.0,176.0
san-miguel-de-sema,papa,2019b,48.0,40.0,850.0
caldas,papa,2019a,80.0,80.0,959.0
caldas,papa-criolla,2019a,130.0,130.0,1556.0
caldas,papa,2019b,84.0,84.0,1006.0
caldas,papa-criolla,2019b,141.0,141.0,1698.0
sutamarchan,papa,2019b,20.0,18.0,306.0
labranzagrande,papa,2019a,6.0,6.0,56.0
samaca,papa,2019b,1050.0,1.05,30450.0
pesca,papa,2019a,120.0,113.0,5650.0
sogamoso,papa,2019b,240.0,240.0,4320.0
sogamoso,papa-criolla,2019b,6.0,6.0,60.0
soraca,papa,2019a,820.0,820.0,24600.0
soraca,papa-criolla,2019a,600.0,600.0,9000.0
soraca,papa,2019b,610.0,610.0,18300.0
soraca,papa-criolla,2019b,700.0,700.0,10500.0
sora,papa,2019a,120.0,120.0,1920.0
sora,papa,2019b,45.0,45.0,720.0
cucaita,papa,2019a,200.0,200.0,4004.0
cucaita,papa,2019b,350.0,350.0,7000.0
sativasur,papa,2019a,12.0,11.0,110.0
sativasur,papa,2019b,4.0,4.0,40.0
socota,papa,2019a,280.0,270.0,5400.0
socota,papa-criolla,2019a,9.0,8.0,97.12
socota,papa,2019b,260.0,260.0,5200.0
socota,papa-criolla,2019b,8.0,7.0,84.98
chiquinquira,papa,2019b,310.0,310.0,4030.0
chiquinquira,papa-criolla,2019b,50.0,50.0,450.0
oicata,papa,2019a,83.0,83.0,2117.0
socha,papa,2019a,40.0,40.0,425.0
oicata,papa,2019b,81.0,81.0,2082.0
socha,papa,2019b,42.0,42.0,450.0
raquira,papa,2019a,278.0,278.0,3525.0
chivor,papa,2019b,6.0,6.0,102.0
el-espino,papa,2019b,7.0,7.0,50.0
raquira,papa,2019b,272.0,272.0,3514.0
chiscas,papa,2019b,110.0,110.0,1980.0
cerinza,papa,2019b,28.0,28.0,280.0
chinavita,papa,2019b,1.5,1.5,45.0
chita,papa,2019a,210.0,210.0,2520.0
ramiriqui,papa,2019b,200.0,200.0,3400.0
ramiriqui,papa-criolla,2019b,15.0,15.0,165.0
la-uvita,papa,2019b,10.0,10.0,150.0
la-uvita,papa-criolla,2019b,3.0,3.0,33.0
almeida,papa,2019a,4.0,4.0,28.0
aquitania,papa,2019a,300.0,290.0,1740.0
aquitania,papa,2019b,100.0,100.0,1500.0
arcabuco,papa,2019a,1270.0,1.27,22860.0
arcabuco,papa,2019b,1280.0,1.28,23040.0
belen,papa,2019a,380.0,342.0,5670.0
belen,papa,2019b,360.0,350.0,5678.0
beteitiva,papa,2019a,40.0,40.0,720.0
beteitiva,papa,2019b,15.0,15.0,270.0
boyaca,papa,2019a,210.0,210.0,4200.0
boyaca,papa,2019b,240.0,240.0,4800.0
buenavista,papa,2019a,20.0,20.0,420.0
buenavista,papa,2019b,18.0,18.0,378.0
busbanza,papa,2019a,6.0,5.0,50.0
caldas,papa,2019a,70.0,70.0,859.0
caldas,papa,2019b,100.0,100.0,1300.0
cerinza,papa,2019a,14.0,14.0,140.0
cerinza,papa,2019b,28.0,28.0,280.0
chinavita,papa,2019a,4.0,4.0,68.0
chinavita,papa,2019b,4.0,4.0,68.0
chiquinquira,papa,2019a,180.0,180.0,2160.0
chiquinquira,papa,2019b,280.0,280.0,3640.0
chiquiza,papa,2019a,650.0,350.0,7000.0
chiquiza,papa,2019b,700.0,600.0,12000.0
chiscas,papa,2019a,120.0,80.0,1440.0
chiscas,papa,2019b,90.0,70.0,1260.0
chita,papa,2019a,232.0,232.0,2784.0
chita,papa,2019b,230.0,185.0,2220.0
chivata,papa,2019a,150.0,150.0,3750.0
chivata,papa,2019b,95.0,70.0,1750.0
chivor,papa,2019a,3.0,3.0,54.0
chivor,papa,2019b,7.0,7.0,119.0
cienega,papa,2019a,260.0,260.0,2860.0
cienega,papa,2019b,260.0,260.0,3120.0
combita,papa,2019a,680.0,680.0,14960.0
combita,papa,2019b,580.0,580.0,14500.0
corrales,papa,2019a,13.6,13.3,292.6
corrales,papa,2019b,1.0,0.9,19.8
cucaita,papa,2019a,290.0,290.0,7540.0
cucaita,papa,2019b,90.0,80.0,2160.0
cuitiva,papa,2019a,20.0,20.0,500.0
cuitiva,papa,2019b,20.0,20.0,700.0
duitama,papa,2019a,15.0,14.6,291.0
duitama,papa,2019b,15.0,12.6,251.0
el-cocuy,papa,2019a,300.0,290.0,2610.0
el-cocuy,papa,2019b,200.0,160.0,1440.0
el-espino,papa,2019a,20.0,20.0,100.0
el-espino,papa,2019b,20.0,20.0,140.0
firavitoba,papa,2019a,120.0,120.0,1800.0
firavitoba,papa,2019b,130.0,130.0,1950.0
floresta,papa,2019a,40.0,35.0,350.0
gachantiva,papa,2019a,67.0,67.0,1005.0
gachantiva,papa,2019b,50.0,50.0,750.0
gameza,papa,2019a,410.0,405.0,4860.0
gameza,papa,2019b,150.0,145.0,1740.0
garagoa,papa,2019b,4.0,3.0,21.0
garagoa,papa,2019a,4.0,4.0,24.0
guacamayas,papa,2019a,8.0,8.0,80.0
guacamayas,papa,2019b,20.0,18.0,108.0
guican,papa,2019a,35.0,35.0,455.0
guican,papa,2019b,18.0,18.0,234.0
iza,papa,2019a,20.0,20.0,410.0
jenesano,papa,2019a,400.0,400.0,7600.0
jenesano,papa,2019b,300.0,300.0,5700.0
jerico,papa,2019a,300.0,299.0,6000.0
jerico,papa,2019b,200.0,199.0,4000.0
la-uvita,papa,2019a,25.0,23.0,276.0
la-uvita,papa,2019b,13.0,10.0,126.0
labranzagrande,papa,2019a,5.0,5.0,72.0
macanal,papa,2019a,12.0,11.0,143.0
macanal,papa,2019b,3.0,3.0,39.0
maripi,papa,2019a,10.0,10.0,200.0
maripi,papa,2019b,9.0,9.0,198.0
mongua,papa,2019a,180.0,140.0,1680.0
mongua,papa,2019b,42.0,42.0,504.0
mongui,papa,2019a,50.0,50.0,1000.0
mongui,papa,2019b,40.0,40.0,800.0
motavita,papa,2019a,910.0,900.0,20700.0
motavita,papa,2019b,500.0,470.0,10810.0
nobsa,papa,2019a,50.0,48.0,960.0
nobsa,papa,2019b,55.0,55.0,1100.0
nuevo-colon,papa,2019a,158.0,158.0,2291.0
nuevo-colon,papa,2019b,190.0,190.0,2660.0
oicata,papa,2019a,83.0,83.0,2075.0
oicata,papa,2019b,81.0,81.0,2025.0
pachavita,papa,2019a,13.0,12.0,72.0
pachavita,papa,2019b,10.0,9.0,54.0
paipa,papa,2019a,67.0,50.0,600.0
paipa,papa,2019b,70.0,70.0,840.0
panqueba,papa,2019a,24.0,24.0,504.0
panqueba,papa,2019b,18.0,18.0,396.0
pauna,papa,2019a,20.0,20.0,250.0
pauna,papa,2019b,5.0,5.0,60.0
paz-de-rio,papa,2019a,24.0,24.0,360.0
paz-de-rio,papa,2019b,11.0,11.0,132.0
pesca,papa,2019a,130.0,123.0,2460.0
pesca,papa,2019b,300.0,300.0,6000.0
ramiriqui,papa,2019a,150.0,140.0,2520.0
ramiriqui,papa,2019b,100.0,95.0,1615.0
raquira,papa,2019b,272.0,272.0,3400.0
raquira,papa,2019a,272.0,272.0,3514.0
rondon,papa,2019a,10.0,10.0,150.0
rondon,papa,2019b,7.0,7.0,105.0
saboya,papa,2019a,2400.0,2.1,42000.0
saboya,papa,2019b,2500.0,2.5,50000.0
samaca,papa,2019a,500.0,500.0,13500.0
samaca,papa,2019b,850.0,850.0,22950.0
san-miguel-de-sema,papa,2019a,20.0,15.0,300.0
san-miguel-de-sema,papa,2019b,25.0,15.0,300.0
santa-rosa-de-viterbo,papa,2019a,29.0,28.0,420.0
santa-rosa-de-viterbo,papa,2019b,40.0,40.0,600.0
santa-sofia,papa,2019a,40.0,40.0,600.0
sativanorte,papa,2019a,100.0,100.0,1800.0
sativasur,papa,2019a,10.0,8.0,80.0
sativasur,papa,2019b,4.0,4.0,40.0
soata,papa,2019a,12.0,10.0,150.0
socha,papa,2019a,35.0,35.0,380.0
socha,papa,2019b,35.0,35.0,400.0
socota,papa,2019a,290.0,280.0,5600.0
sogamoso,papa,2019a,230.0,220.0,3960.0
sogamoso,papa,2019b,230.0,225.0,3600.0
somondoco,papa,2019a,8.0,8.0,96.0
somondoco,papa,2019b,3.0,3.0,36.0
sora,papa,2019a,230.0,198.0,3680.0
sora,papa,2019b,42.0,38.0,532.0
soraca,papa,2019a,850.0,820.0,24600.0
soraca,papa,2019b,650.0,640.0,19200.0
sotaquira,papa,2019a,470.0,470.0,18800.0
susacon,papa,2019a,175.0,169.0,3778.9
susacon,papa,2019b,28.0,28.0,616.0
sutamarchan,papa,2019a,20.0,13.0,221.0
sutamarchan,papa,2019b,18.0,14.0,238.0
tasco,papa,2019a,30.0,30.0,261.0
tasco,papa,2019b,25.0,25.0,212.5
tibana,papa,2019a,140.0,140.0,2800.0
tibana,papa,2019b,40.0,40.0,800.0
tibasosa,papa,2019b,40.0,40.0,1200.0
tibasosa,papa,2019a,60.0,60.0,1800.0
tinjaca,papa,2019a,20.0,19.0,380.0
tinjaca,papa,2019b,5.0,4.5,81.0
tipacoque,papa,2019a,3.0,3.0,21.0
toca,papa,2019b,1200.0,1.15,20700.0
toca,papa,2019a,1200.0,1.2,21600.0
togui,papa,2019a,4.0,3.5,42.0
topaga,papa,2019a,70.0,68.0,1244.4
topaga,papa,2019b,28.0,26.0,465.4
tota,papa,2019a,350.0,300.0,6000.0
tota,papa,2019b,400.0,380.0,7600.0
tunja,papa,2019a,2800.0,2.8,56000.0
tunja,papa,2019b,2000.0,2.0,40000.0
turmeque,papa,2019a,400.0,380.0,7600.0
turmeque,papa,2019b,300.0,280.0,5040.0
tuta,papa,2019a,120.0,120.0,1800.0
tuta,papa,2019b,60.0,60.0,900.0
tutaza,papa,2019a,530.0,525.0,16800.0
tutaza,papa,2019b,493.0,488.0,15616.0
umbita,papa,2019a,510.0,502.0,10542.0
umbita,papa,2019b,690.0,690.0,15180.0
ventaquemada,papa,2019a,1500.0,1.4,42000.0
ventaquemada,papa,2019b,2000.0,2.0,60000.0
villa-de-leiva,papa,2019a,111.0,111.0,2101.0
villa-de-leiva,papa,2019b,95.0,95.0,1824.0
viracacha,papa,2019a,420.0,308.0,4147.0
viracacha,papa,2019b,522.0,370.0,5234.0
almeida,papa-criolla,2019a,2.0,2.0,7.0
aquitania,papa-criolla,2019a,30.0,28.0,140.0
aquitania,papa-criolla,2019b,30.0,30.0,150.0
belen,papa-criolla,2019a,40.0,37.0,519.0
belen,papa-criolla,2019b,38.0,37.0,546.0
beteitiva,papa-criolla,2019a,5.0,5.0,65.0
beteitiva,papa-criolla,2019b,3.0,3.0,39.0
caldas,papa-criolla,2019a,150.0,150.0,1750.0
caldas,papa-criolla,2019b,100.0,100.0,1001.0
chiquinquira,papa-criolla,2019a,45.0,45.0,36.0
chiquinquira,papa-criolla,2019b,45.0,45.0,405.0
chiquiza,papa-criolla,2019a,40.0,25.0,200.0
chiquiza,papa-criolla,2019b,30.0,25.0,200.0
cuitiva,papa-criolla,2019a,3.0,3.0,15.0
cuitiva,papa-criolla,2019b,3.0,3.0,15.0
duitama,papa-criolla,2019a,3.0,2.9,46.6
duitama,papa-criolla,2019b,3.0,2.9,46.6
guican,papa-criolla,2019a,2.0,2.0,20.0
guican,papa-criolla,2019b,4.0,4.0,28.0
la-uvita,papa-criolla,2019a,5.0,5.0,18.0
la-uvita,papa-criolla,2019b,3.0,2.0,6.0
mongui,papa-criolla,2019a,10.0,10.0,100.0
mongui,papa-criolla,2019b,5.0,5.0,50.0
motavita,papa-criolla,2019b,4.0,4.0,28.0
pauna,papa-criolla,2019a,7.0,7.0,70.0
pauna,papa-criolla,2019b,5.0,5.0,50.0
ramiriqui,papa-criolla,2019a,15.0,12.0,144.0
ramiriqui,papa-criolla,2019b,13.0,12.0,132.0
saboya,papa-criolla,2019a,500.0,450.0,7200.0
saboya,papa-criolla,2019b,750.0,750.0,13500.0
san-miguel-de-sema,papa-criolla,2019a,5.0,5.0,75.0
san-miguel-de-sema,papa-criolla,2019b,7.0,5.0,75.0
santa-rosa-de-viterbo,papa-criolla,2019a,32.0,31.0,434.0
santa-rosa-de-viterbo,papa-criolla,2019b,20.0,20.0,280.0
siachoque,papa-criolla,2019a,60.0,45.0,540.0
siachoque,papa-criolla,2019b,45.0,45.0,540.0
socota,papa-criolla,2019a,8.0,7.0,85.0
socota,papa-criolla,2019b,5.0,5.0,60.7
sogamoso,papa-criolla,2019a,5.0,4.0,40.0
sogamoso,papa-criolla,2019b,3.0,2.0,20.0
soraca,papa-criolla,2019a,600.0,550.0,8250.0
soraca,papa-criolla,2019b,600.0,598.0,8970.0
tasco,papa-criolla,2019a,5.0,5.0,35.0
tasco,papa-criolla,2019b,3.0,3.0,21.0
tinjaca,papa-criolla,2019a,3.0,3.0,36.0
tinjaca,papa-criolla,2019b,3.0,3.0,30.0
tipacoque,papa-criolla,2019a,1.0,1.0,5.0
togui,papa-criolla,2019a,6.0,5.0,50.0
tunja,papa-criolla,2019a,300.0,300.0,3000.0
tunja,papa-criolla,2019b,300.0,300.0,3000.0
tutaza,papa-criolla,2019a,40.0,33.0,594.0
tutaza,papa-criolla,2019b,33.0,33.0,594.0
umbita,papa-criolla,2019a,6.0,5.0,40.0
umbita,papa-criolla,2019b,5.0,5.0,40.0
ventaquemada,papa-criolla,2019a,100.0,90.0,1620.0
ventaquemada,papa-criolla,2019b,80.0,8.0,144.0
viracacha,papa-criolla,2019a,36.0,27.0,354.0
viracacha,papa-criolla,2019b,30.5,23.1,244.5
tunja,papa,2020a,300.0,300.0,3000.0
tunja,papa,2020b,300.0,300.0,3000.0
tunja,papa,2020a,2800.0,2800.0,56000.0
tunja,papa,2020b,2000.0,2000.0,40000.0
almeida,papa,2020a,2.0,2.0,7.0
almeida,papa,2020a,4.0,4.0,28.0
aquitania,papa,2020a,30.0,28.0,140.0
aquitania,papa,2020b,30.0,30.0,150.0
aquitania,papa,2020a,300.0,290.0,1740.0
aquitania,papa,2020b,100.0,100.0,1500.0
arcabuco,papa,2020a,1270.0,1270.0,22860.0
arcabuco,papa,2020b,1280.0,1280.0,23040.0
belen,papa,2020a,40.0,37.0,519.0
belen,papa,2020b,38.0,37.0,546.0
belen,papa,2020a,380.0,342.0,5670.0
belen,papa,2020b,360.0,350.0,5678.0
beteitiva,papa,2020a,5.0,5.0,65.0
beteitiva,papa,2020b,3.0,3.0,39.0
beteitiva,papa,2020a,40.0,40.0,720.0
beteitiva,papa,2020b,15.0,15.0,270.0
boyaca,papa,2020a,210.0,210.0,4200.0
boyaca,papa,2020b,240.0,240.0,4800.0
buenavista,papa,2020a,20.0,20.0,420.0
buenavista,papa,2020b,18.0,18.0,378.0
busbanza,papa,2020a,6.0,5.0,50.0
caldas,papa,2020a,150.0,150.0,1750.0
caldas,papa,2020b,100.0,100.0,1001.0
caldas,papa,2020a,70.0,70.0,859.0
caldas,papa,2020b,100.0,100.0,1300.0
cerinza,papa,2020a,14.0,14.0,140.0
cerinza,papa,2020b,28.0,28.0,280.0
chinavita,papa,2020a,4.0,4.0,68.0
chinavita,papa,2020b,4.0,4.0,68.0
chiquinquira,papa,2020a,45.0,45.0,36.0
chiquinquira,papa,2020b,45.0,45.0,405.0
chiquinquira,papa,2020a,180.0,180.0,2160.0
chiquinquira,papa,2020b,280.0,280.0,3640.0
chiscas,papa,2020a,120.0,80.0,1440.0
chiscas,papa,2020b,90.0,70.0,1260.0
chita,papa,2020a,232.0,232.0,2784.0
chita,papa,2020b,230.0,185.0,2220.0
chivata,papa,2020a,150.0,150.0,3750.0
chivata,papa,2020b,95.0,70.0,1750.0
cienega,papa,2020a,260.0,260.0,2860.0
cienega,papa,2020b,260.0,260.0,3120.0
combita,papa,2020a,680.0,680.0,14960.0
combita,papa,2020b,580.0,580.0,14500.0
corrales,papa,2020a,13.6,13.3,292.6
corrales,papa,2020b,1.0,0.9,19.8
cucaita,papa,2020a,290.0,290.0,7540.0
cucaita,papa,2020b,90.0,80.0,2160.0
cuitiva,papa,2020a,3.0,3.0,15.0
cuitiva,papa,2020b,3.0,3.0,15.0
cuitiva,papa,2020a,20.0,20.0,500.0
cuitiva,papa,2020b,20.0,20.0,700.0
chiquiza,papa,2020a,40.0,25.0,200.0
chiquiza,papa,2020b,30.0,25.0,200.0
chiquiza,papa,2020a,650.0,350.0,7000.0
chiquiza,papa,2020b,700.0,600.0,12000.0
chivor,papa,2020a,3.0,3.0,54.0
chivor,papa,2020b,7.0,7.0,119.0
duitama,papa,2020a,3.0,2.91,46.56
duitama,papa,2020b,3.0,2.91,46.56
duitama,papa,2020a,15.0,14.55,291.0
duitama,papa,2020b,15.0,12.55,251.0
el-cocuy,papa,2020a,300.0,290.0,2610.0
el-cocuy,papa,2020b,200.0,160.0,1440.0
el-espino,papa,2020a,20.0,20.0,100.0
el-espino,papa,2020b,20.0,20.0,140.0
firavitoba,papa,2020a,120.0,120.0,1800.0
firavitoba,papa,2020b,130.0,130.0,1950.0
floresta,papa,2020a,40.0,35.0,350.0
gachantiva,papa,2020a,67.0,67.0,1005.0
gachantiva,papa,2020b,50.0,50.0,750.0
gameza,papa,2020a,410.0,405.0,4860.0
gameza,papa,2020b,150.0,145.0,1740.0
garagoa,papa,2020a,4.0,4.0,24.0
garagoa,papa,2020b,4.0,3.0,21.0
guacamayas,papa,2020a,8.0,8.0,80.0
guacamayas,papa,2020b,20.0,18.0,108.0
guican,papa,2020a,2.0,2.0,20.0
guican,papa,2020b,4.0,4.0,28.0
guican,papa,2020a,35.0,35.0,455.0
guican,papa,2020b,18.0,18.0,234.0
iza,papa,2020a,20.0,20.0,410.0
jenesano,papa,2020a,400.0,400.0,7600.0
jenesano,papa,2020b,300.0,300.0,5700.0
jerico,papa,2020a,300.0,299.0,6000.0
jerico,papa,2020b,200.0,199.0,4000.0
labranzagrande,papa,2020a,5.0,5.0,72.0
la-uvita,papa,2020a,5.0,5.0,18.0
la-uvita,papa,2020b,3.0,2.0,6.0
la-uvita,papa,2020a,25.0,23.0,276.0
la-uvita,papa,2020b,13.0,10.0,126.0
villa-de-leiva,papa,2020a,111.0,111.0,2101.0
villa-de-leiva,papa,2020b,95.0,95.0,1824.0
macanal,papa,2020a,12.0,11.0,143.0
macanal,papa,2020b,3.0,3.0,39.0
maripi,papa,2020a,10.0,10.0,200.0
maripi,papa,2020b,9.0,9.0,198.0
mongua,papa,2020a,180.0,140.0,1680.0
mongua,papa,2020b,42.0,42.0,504.0
mongui,papa,2020a,10.0,10.0,100.0
mongui,papa,2020b,5.0,5.0,50.0
mongui,papa,2020a,50.0,50.0,1000.0
mongui,papa,2020b,40.0,40.0,800.0
motavita,papa,2020b,4.0,4.0,28.0
motavita,papa,2020a,910.0,900.0,20700.0
motavita,papa,2020b,500.0,470.0,10810.0
nobsa,papa,2020a,50.0,48.0,960.0
nobsa,papa,2020b,55.0,55.0,1100.0
nuevo-colon,papa,2020a,158.0,158.0,2291.0
nuevo-colon,papa,2020b,190.0,190.0,2660.0
oicata,papa,2020a,83.0,83.0,2075.0
oicata,papa,2020b,81.0,81.0,2025.0
pachavita,papa,2020a,13.0,12.0,72.0
pachavita,papa,2020b,10.0,9.0,54.0
paipa,papa,2020a,67.0,50.0,600.0
paipa,papa,2020b,70.0,70.0,840.0
panqueba,papa,2020a,24.0,24.0,504.0
panqueba,papa,2020b,18.0,18.0,396.0
pauna,papa,2020a,7.0,7.0,70.0
pauna,papa,2020b,5.0,5.0,50.0
pauna,papa,2020a,20.0,20.0,250.0
pauna,papa,2020b,5.0,5.0,60.0
paz-de-rio,papa,2020a,24.0,24.0,360.0
paz-de-rio,papa,2020b,11.0,11.0,132.0
pesca,papa,2020a,130.0,123.0,2460.0
pesca,papa,2020b,300.0,300.0,6000.0
ramiriqui,papa,2020a,15.0,12.0,144.0
ramiriqui,papa,2020b,13.0,12.0,132.0
ramiriqui,papa,2020a,150.0,140.0,2520.0
ramiriqui,papa,2020b,100.0,95.0,1615.0
raquira,papa,2020a,272.0,272.0,3514.0
raquira,papa,2020b,272.0,272.0,3400.0
rondon,papa,2020a,10.0,10.0,150.0
rondon,papa,2020b,7.0,7.0,105.0
saboya,papa,2020a,500.0,450.0,7200.0
saboya,papa,2020b,750.0,750.0,13500.0
saboya,papa,2020a,2400.0,2100.0,42000.0
saboya,papa,2020b,2500.0,2500.0,50000.0
samaca,papa,2020a,500.0,500.0,13500.0
samaca,papa,2020b,850.0,850.0,22950.0
san-miguel-de-sema,papa,2020a,5.0,5.0,75.0
san-miguel-de-sema,papa,2020b,7.0,5.0,75.0
san-miguel-de-sema,papa,2020a,20.0,15.0,300.0
san-miguel-de-sema,papa,2020b,25.0,15.0,300.0
santa-rosa-de-viterbo,papa,2020a,32.0,31.0,434.0
santa-rosa-de-viterbo,papa,2020b,20.0,20.0,280.0
santa-rosa-de-viterbo,papa,2020a,29.0,28.0,420.0
santa-rosa-de-viterbo,papa,2020b,40.0,40.0,600.0
santa-sofia,papa,2020a,40.0,40.0,600.0
sativanorte,papa,2020a,100.0,100.0,1800.0
sativasur,papa,2020a,10.0,8.0,80.0
sativasur,papa,2020b,4.0,4.0,40.0
siachoque,papa,2020a,60.0,45.0,540.0
siachoque,papa,2020b,45.0,45.0,540.0
soata,papa,2020a,12.0,10.0,150.0
socota,papa,2020a,8.0,7.0,84.98
socota,papa,2020b,5.0,5.0,60.7
socota,papa,2020a,290.0,280.0,5600.0
socota,papa,2020b,200.0,200.0,4000.0
socha,papa,2020a,35.0,35.0,380.0
socha,papa,2020b,35.0,35.0,400.0
sogamoso,papa,2020a,5.0,4.0,40.0
sogamoso,papa,2020b,3.0,2.0,20.0
sogamoso,papa,2020a,230.0,220.0,3960.0
sogamoso,papa,2020b,230.0,225.0,3600.0
somondoco,papa,2020a,8.0,8.0,96.0
somondoco,papa,2020b,3.0,3.0,36.0
sora,papa,2020a,230.0,198.0,3680.0
sora,papa,2020b,42.0,38.0,532.0
sotaquira,papa,2020a,470.0,470.0,9400.0
soraca,papa,2020a,600.0,550.0,8250.0
soraca,papa,2020b,600.0,598.0,8970.0
soraca,papa,2020a,850.0,820.0,24600.0
soraca,papa,2020b,650.0,640.0,19200.0
susacon,papa,2020a,175.0,169.0,3778.85
susacon,papa,2020b,28.0,28.0,616.0
sutamarchan,papa,2020a,20.0,13.0,221.0
sutamarchan,papa,2020b,18.0,14.0,238.0
tasco,papa,2020a,5.0,5.0,35.0
tasco,papa,2020b,3.0,3.0,21.0
tasco,papa,2020a,30.0,30.0,261.0
tasco,papa,2020b,25.0,25.0,212.5
tibana,papa,2020a,140.0,140.0,2800.0
tibana,papa,2020b,40.0,40.0,800.0
tibasosa,papa,2020a,60.0,60.0,1800.0
tibasosa,papa,2020b,40.0,40.0,1200.0
tinjaca,papa,2020a,3.0,3.0,36.0
tinjaca,papa,2020b,3.0,3.0,30.0
tinjaca,papa,2020a,20.0,19.0,380.0
tinjaca,papa,2020b,5.0,4.5,81.0
tipacoque,papa,2020a,1.0,1.0,5.0
tipacoque,papa,2020a,3.0,3.0,21.0
toca,papa,2020a,1545.0,1540.0,27720.0
toca,papa,2020b,1200.0,1150.0,20700.0
togui,papa,2020a,6.0,5.0,50.0
togui,papa,2020a,4.0,3.5,42.0
topaga,papa,2020a,70.0,68.0,1244.4
topaga,papa,2020b,28.0,26.0,465.4
tota,papa,2020a,350.0,300.0,6000.0
tota,papa,2020b,400.0,380.0,7600.0
turmeque,papa,2020a,400.0,380.0,7600.0
turmeque,papa,2020b,300.0,280.0,5040.0
tuta,papa,2020a,120.0,120.0,1800.0
tuta,papa,2020b,60.0,60.0,900.0
tutaza,papa,2020a,40.0,33.0,594.0
tutaza,papa,2020b,33.0,33.0,594.0
tutaza,papa,2020a,530.0,525.0,16800.0
tutaza,papa,2020b,493.0,488.0,15616.0
umbita,papa,2020a,6.0,5.0,40.0
umbita,papa,2020b,5.0,5.0,40.0
umbita,papa,2020a,510.0,502.0,10542.0
umbita,papa,2020b,690.0,690.0,15180.0
ventaquemada,papa,2020a,100.0,90.0,1620.0
ventaquemada,papa,2020b,80.0,8.0,144.0
ventaquemada,papa,2020a,1500.0,1400.0,42000.0
ventaquemada,papa,2020b,2000.0,2000.0,60000.0
viracacha,papa,2020a,36.0,27.0,354.0
viracacha,papa,2020b,30.5,23.1,244.5
viracacha,papa,2020a,420.0,308.0,4147.0
viracacha,papa,2020b,522.0,370.0,5234.0
tunja,papa,2021a,200.0,200.0,2600.0
tunja,papa,2021b,200.0,200.0,2000.0
tunja,papa,2021a,1500.0,1500.0,30000.0
tunja,papa,2021b,1500.0,1500.0,30000.0
almeida,papa,2021a,2.0,2.0,10.0
almeida,papa,2021a,5.0,5.0,45.0
aquitania,papa,2021a,26.0,26.0,208.0
aquitania,papa,2021b,26.0,25.0,200.0
aquitania,papa,2021a,250.0,220.0,2640.0
aquitania,papa,2021b,125.0,120.0,1440.0
arcabuco,papa,2021a,1250.0,1250.0,25000.0
arcabuco,papa,2021b,1300.0,1300.0,26000.0
belen,papa,2021a,40.0,38.0,532.0
belen,papa,2021b,40.0,38.0,546.0
belen,papa,2021a,380.0,344.0,5670.0
belen,papa,2021b,360.0,350.0,5678.0
beteitiva,papa,2021a,6.0,6.0,76.0
beteitiva,papa,2021b,3.0,3.0,36.0
beteitiva,papa,2021a,41.0,41.0,738.0
beteitiva,papa,2021b,12.0,12.0,201.0
boyaca,papa,2021a,180.0,180.0,3600.0
boyaca,papa,2021b,280.0,280.0,5600.0
buenavista,papa,2021a,22.0,22.0,440.0
buenavista,papa,2021b,20.0,20.0,694.0
busbanza,papa,2021a,6.0,6.0,60.0
caldas,papa,2021a,145.0,145.0,1885.0
caldas,papa,2021b,110.0,110.0,1430.0
caldas,papa,2021a,75.0,75.0,1350.0
caldas,papa,2021b,110.0,110.0,2090.0
cerinza,papa,2021a,66.0,66.0,659.0
cerinza,papa,2021b,75.0,72.0,720.0
chinavita,papa,2021a,5.0,5.0,85.0
chinavita,papa,2021b,6.0,5.0,85.0
chiquinquira,papa,2021a,50.0,50.0,150.0
chiquinquira,papa,2021b,50.0,50.0,150.0
chiquinquira,papa,2021a,220.0,220.0,2640.0
chiquinquira,papa,2021b,300.0,300.0,3600.0
chiscas,papa,2021a,80.0,50.0,900.0
chiscas,papa,2021b,90.0,80.0,1440.0
chita,papa,2021a,90.0,72.0,864.0
chita,papa,2021b,30.0,27.0,324.0
chivata,papa,2021a,80.0,80.0,2400.0
chivata,papa,2021b,15.0,15.0,450.0
cienega,papa,2021a,260.0,260.0,2800.0
cienega,papa,2021b,260.0,260.0,3120.0
combita,papa,2021a,720.0,720.0,14400.0
combita,papa,2021b,520.0,520.0,10400.0
corrales,papa,2021a,10.0,10.0,220.0
corrales,papa,2021b,7.0,7.0,154.0
cucaita,papa,2021a,145.0,145.0,2900.0
cucaita,papa,2021b,70.0,70.0,1400.0
cuitiva,papa,2021a,2.0,2.0,20.0
cuitiva,papa,2021b,3.0,3.0,30.0
cuitiva,papa,2021a,21.0,21.0,420.0
cuitiva,papa,2021b,20.0,19.0,380.0
chiquiza,papa,2021a,35.0,30.0,240.0
chiquiza,papa,2021b,20.0,18.0,180.0
chiquiza,papa,2021a,650.0,650.0,13000.0
chiquiza,papa,2021b,710.0,690.0,13800.0
chivor,papa,2021a,3.0,3.0,38.0
chivor,papa,2021b,7.0,7.0,105.0
duitama,papa,2021a,3.0,3.0,48.0
duitama,papa,2021b,3.0,3.0,47.0
duitama,papa,2021a,15.0,15.0,300.0
duitama,papa,2021b,12.0,12.0,216.0
el-cocuy,papa,2021a,200.0,200.0,1800.0
el-cocuy,papa,2021b,150.0,140.0,1260.0
el-espino,papa,2021a,31.0,27.0,324.0
el-espino,papa,2021b,18.0,18.0,180.0
firavitoba,papa,2021a,126.0,126.0,1810.0
firavitoba,papa,2021b,130.0,130.0,1952.0
floresta,papa,2021a,40.0,40.0,400.0
gachantiva,papa,2021a,100.0,100.0,1800.0
gachantiva,papa,2021b,100.0,90.0,1350.0
gameza,papa,2021a,420.0,420.0,5040.0
gameza,papa,2021b,155.0,155.0,1860.0
garagoa,papa,2021a,4.0,4.0,24.0
garagoa,papa,2021b,4.0,3.0,21.0
guacamayas,papa,2021a,10.0,8.0,80.0
guacamayas,papa,2021b,35.0,33.0,330.0
guican,papa,2021a,2.0,2.0,18.0
guican,papa,2021b,4.0,4.0,36.0
guican,papa,2021a,20.0,20.0,240.0
guican,papa,2021b,16.0,16.0,208.0
iza,papa,2021a,20.0,20.0,410.0
jenesano,papa,2021a,380.0,380.0,7220.0
jenesano,papa,2021b,350.0,350.0,6650.0
jerico,papa,2021a,300.0,288.0,5184.0
jerico,papa,2021b,200.0,193.0,3474.0
labranzagrande,papa,2021a,8.0,8.0,84.0
la-uvita,papa,2021a,6.0,6.0,90.0
la-uvita,papa,2021b,4.0,4.0,72.0
la-uvita,papa,2021a,24.0,24.0,600.0
la-uvita,papa,2021b,11.0,11.0,275.0
villa-de-leiva,papa,2021a,140.0,140.0,2654.0
villa-de-leiva,papa,2021b,120.0,120.0,2300.0
macanal,papa,2021a,14.0,13.0,220.0
macanal,papa,2021b,3.0,3.0,50.0
maripi,papa,2021a,10.0,10.0,165.0
maripi,papa,2021b,9.0,9.0,149.0
mongua,papa,2021a,200.0,190.0,2280.0
mongua,papa,2021b,42.0,40.0,480.0
mongui,papa,2021a,15.0,15.0,150.0
mongui,papa,2021b,10.0,10.0,120.0
mongui,papa,2021a,60.0,60.0,1200.0
mongui,papa,2021b,60.0,60.0,1200.0
motavita,papa,2021b,4.0,4.0,40.0
motavita,papa,2021a,900.0,900.0,25000.0
motavita,papa,2021b,500.0,480.0,7200.0
nobsa,papa,2021a,60.0,57.0,1083.0
nobsa,papa,2021b,40.0,40.0,960.0
nuevo-colon,papa,2021a,165.0,165.0,2393.0
nuevo-colon,papa,2021b,205.0,205.0,2870.0
oicata,papa,2021a,83.0,83.0,1577.0
oicata,papa,2021b,76.0,76.0,1520.0
pachavita,papa,2021a,12.0,11.0,66.0
pachavita,papa,2021b,9.0,8.0,48.0
paipa,papa,2021a,60.0,60.0,588.0
paipa,papa,2021b,28.0,28.0,252.0
panqueba,papa,2021a,21.0,21.0,483.0
panqueba,papa,2021b,15.0,15.0,345.0
pauna,papa,2021a,15.0,15.0,105.0
pauna,papa,2021b,10.0,10.0,70.0
pauna,papa,2021a,40.0,40.0,600.0
pauna,papa,2021b,10.0,10.0,150.0
paz-de-rio,papa,2021a,24.0,24.0,340.0
paz-de-rio,papa,2021b,10.0,5.0,60.0
pesca,papa,2021a,150.0,150.0,3750.0
ramiriqui,papa,2021a,12.0,10.0,120.0
ramiriqui,papa,2021b,15.0,14.0,252.0
ramiriqui,papa,2021a,130.0,120.0,2520.0
ramiriqui,papa,2021b,125.0,122.0,2318.0
raquira,papa,2021a,252.0,252.0,3024.0
raquira,papa,2021b,270.0,270.0,3510.0
rondon,papa,2021a,8.0,8.0,81.0
rondon,papa,2021b,6.0,6.0,60.0
saboya,papa,2021a,380.0,320.0,6400.0
saboya,papa,2021b,730.0,720.0,7200.0
saboya,papa,2021a,2100.0,2050.0,38950.0
saboya,papa,2021b,2550.0,2450.0,44100.0
samaca,papa,2021a,662.0,629.0,16879.0
samaca,papa,2021b,700.0,665.0,17855.0
san-jose-de-pare,papa,2021a,1.0,1.0,15.0
san-miguel-de-sema,papa,2021a,6.0,5.0,75.0
san-miguel-de-sema,papa,2021b,8.0,7.0,133.0
san-miguel-de-sema,papa,2021a,25.0,22.0,493.0
san-miguel-de-sema,papa,2021b,30.0,27.0,675.0
santa-rosa-de-viterbo,papa,2021a,36.0,36.0,504.0
santa-rosa-de-viterbo,papa,2021b,25.0,25.0,350.0
santa-rosa-de-viterbo,papa,2021a,29.0,29.0,435.0
santa-rosa-de-viterbo,papa,2021b,40.0,40.0,600.0
santa-sofia,papa,2021a,35.0,35.0,570.0
sativanorte,papa,2021a,60.0,60.0,1200.0
sativasur,papa,2021a,8.0,6.0,100.0
sativasur,papa,2021b,1.0,1.0,5.0
siachoque,papa,2021a,65.0,65.0,780.0
siachoque,papa,2021b,50.0,50.0,600.0
soata,papa,2021a,15.0,15.0,240.0
socota,papa,2021a,6.0,6.0,75.0
socota,papa,2021b,4.0,4.0,49.0
socota,papa,2021a,290.0,290.0,5800.0
socota,papa,2021b,210.0,210.0,5940.0
socha,papa,2021a,27.0,27.0,270.0
socha,papa,2021b,27.0,27.0,400.0
sogamoso,papa,2021a,3.0,3.0,25.0
sogamoso,papa,2021b,2.0,2.0,14.0
sogamoso,papa,2021a,225.0,220.0,3740.0
sogamoso,papa,2021b,220.0,200.0,3000.0
somondoco,papa,2021a,7.0,7.0,84.0
somondoco,papa,2021b,3.0,3.0,36.0
sora,papa,2021a,200.0,200.0,3000.0
sora,papa,2021b,200.0,200.0,3000.0
sotaquira,papa,2021a,470.0,470.0,12690.0
sotaquira,papa,2021b,50.0,50.0,1350.0
soraca,papa,2021a,300.0,240.0,4320.0
soraca,papa,2021b,550.0,545.0,10355.0
soraca,papa,2021a,450.0,400.0,10800.0
soraca,papa,2021b,600.0,590.0,16520.0
susacon,papa,2021a,185.0,180.0,4024.0
susacon,papa,2021b,31.0,31.0,744.0
sutamarchan,papa,2021a,122.0,120.0,1680.0
sutamarchan,papa,2021b,73.0,73.0,1025.0
tasco,papa,2021a,5.0,5.0,56.0
tasco,papa,2021b,3.0,3.0,35.0
tasco,papa,2021a,30.0,30.0,644.0
tasco,papa,2021b,25.0,25.0,534.0
tibana,papa,2021a,145.0,145.0,2592.0
tibana,papa,2021b,42.0,42.0,756.0
tibasosa,papa,2021a,45.0,45.0,1350.0
tibasosa,papa,2021b,35.0,35.0,1050.0
tinjaca,papa,2021a,2.0,2.0,18.0
tinjaca,papa,2021b,2.0,2.0,18.0
tinjaca,papa,2021a,24.0,22.0,352.0
tinjaca,papa,2021b,9.0,8.0,120.0
tipacoque,papa,2021a,1.0,1.0,5.0
tipacoque,papa,2021a,3.0,3.0,21.0
toca,papa,2021a,1545.0,1538.0,53830.0
toca,papa,2021b,900.0,900.0,16200.0
togui,papa,2021a,4.0,4.0,36.0
togui,papa,2021a,4.0,4.0,52.0
topaga,papa,2021a,71.0,70.0,1190.0
topaga,papa,2021b,27.0,27.0,486.0
tota,papa,2021a,200.0,170.0,2890.0
tota,papa,2021b,300.0,280.0,5880.0
turmeque,papa,2021a,300.0,280.0,6160.0
turmeque,papa,2021b,250.0,250.0,5500.0
tuta,papa,2021a,130.0,130.0,2340.0
tuta,papa,2021b,40.0,40.0,880.0
tutaza,papa,2021a,33.0,27.0,440.0
tutaza,papa,2021b,39.0,36.0,587.0
tutaza,papa,2021a,512.0,503.0,9809.0
tutaza,papa,2021b,470.0,445.0,8678.0
umbita,papa,2021a,7.0,7.0,84.0
umbita,papa,2021b,6.0,6.0,78.0
umbita,papa,2021a,520.0,518.0,10360.0
umbita,papa,2021b,700.0,699.0,13281.0
ventaquemada,papa,2021a,80.0,80.0,1360.0
ventaquemada,papa,2021b,100.0,100.0,1600.0
ventaquemada,papa,2021a,1600.0,1600.0,48000.0
viracacha,papa,2021a,36.0,25.0,358.0
viracacha,papa,2021b,32.0,25.0,349.0
viracacha,papa,2021a,423.0,381.0,5585.0
viracacha,papa,2021b,518.0,388.0,5615.0
